"cues","BOI","Concrete","SUBTLEX"
"abacus",4.666666667,4.52,1.1139
"abdomen",5.434782609,4.7,2.2355
"absinthe",4.590909091,4.3,1.4624
"accessory",4.72,4.1,2.1703
"accordion",5.826086957,4.86,1.8325
"accountant",4.666666667,4.41,2.4997
"acne",4.391304348,4.89,1.6721
"acorn",5.28,4.96,1.5798
"acrobat",5.043478261,4.46,1.4914
"actor",4.739130435,4.57,3.1284
"actress",4.92,4.54,2.9128
"acupuncture",5.285714286,3.83,1.5798
"adapter",4.583333333,3.82,1.0792
"addict",4.391304348,3.14,2.4378
"adult",5.409090909,4.4,2.8633
"advisor",4.347826087,4.15,2.3541
"afro",4.52,4.52,NA
"aftershave",5.375,4.56,1.7482
"aircraft",4.925925926,4.4,2.6839
"aircraftsman",4.52,4,0.301
"airman",4.36,4.25,NA
"airplane",4.625,4.96,2.7466
"album",5.791666667,4.69,2.7185
"alcohol",5.833333333,4.76,2.9274
"ale",4.962962963,4.65,2.3075
"alfalfa",5.045454545,4.69,1.5315
"algae",4.458333333,4.93,1.3617
"almanac",5.5,4.44,NA
"almond",5.714285714,4.71,1.7559
"altar",4.782608696,4.85,2.415
"altarpiece",4.80952381,4.54,0.4771
"aluminum",5.083333333,4.88,2.0645
"ambulance",5,4.81,3.0584
"ammo",5.32,4.85,2.4393
"ammunition",4.592592593,4.88,2.4786
"amphetamine",4.291666667,4.18,1.2041
"amphibian",4.357142857,3.77,1.3222
"amulet",5.291666667,4,2.0755
"anchor",5.739130435,4.77,2.5786
"anchovy",4.428571429,4.96,0.9031
"animal",5.958333333,4.61,3.3657
"ankle",5.833333333,4.81,2.6128
"anklet",5.708333333,4.75,1.3424
"announcer",4.296296296,4.52,NA
"ant",4.84,4.86,2.4378
"antenna",4.695652174,4.75,2.0899
"antennae",4.538461538,4.85,1.4624
"antibiotics",4.956521739,4.45,2.2742
"antihistamine",5.260869565,3.68,1.1139
"antique",4.423076923,3.75,2.4914
"antiques",4.68,4.22,2.1399
"antiseptics",5.041666667,3.96,0.6021
"anus",5.16,4.86,1.7559
"anvil",5.24,4.96,1.5185
"apartment",4.6,4.9,3.627
"apartments",4.851851852,4.71,2.3345
"apparatus",4.636363636,3.78,1.8921
"apparel",5.695652174,4.6,1.5563
"appendage",5,4.26,1.3424
"appetizer",6.12,4.71,1.7924
"apple",6.272727273,5,3.0821
"appliance",5.791666667,4.57,1.6232
"applicator",5.185185185,4.26,1.0414
"appraiser",4.428571429,3.62,1.0792
"apprentice",4.321428571,3.67,2
"apricot",6.291666667,4.97,1.5185
"apron",5.96,4.87,2.1367
"aquarium",5.782608696,4.77,2.1523
"arachnid",4.904761905,4.65,NA
"archives",4.333333333,3.93,2.1139
"arm",6.47826087,4.96,3.5234
"armband",5.347826087,4.67,1.1761
"armoire",4.904761905,4.52,0.9542
"armor",5.333333333,4.76,2.5717
"armpit",5.52,4.8,1.8129
"arrow",4.92,4.97,2.6031
"arrowhead",4.44,4.7,NA
"artichoke",5.708333333,4.63,1.4624
"artifact",4.416666667,4.5,1.7559
"artist",4.782608696,4.24,3.1647
"ash",4.333333333,4.96,NA
"ashcan",4.571428571,4.78,0.9031
"ashes",4.862068966,4.92,2.7024
"ashtray",5.44,4.97,2.2227
"asparagus",5.56,4.96,1.7076
"asphalt",5.384615385,4.83,1.699
"ass",5.304347826,4.67,4.0624
"assassin",4.32,4.43,2.4814
"assemblyman",4.72,3.74,1.5798
"asshole",4.5,4.08,3.4973
"astronaut",4.357142857,4.75,2.3075
"athlete",4.916666667,4.3,2.3729
"atlas",5.166666667,4.79,NA
"attendant",5.083333333,4.44,2.2014
"attire",5.086956522,4.47,1.8865
"attorney",4.72,4.52,3.3141
"auditorium",4.392857143,4.7,1.9085
"aunt",5.041666667,4.17,NA
"author",4.4,4.26,2.6085
"auto",4.391304348,4,2.5933
"automobile",5.64,4.96,2.4654
"automotive",4.454545455,4.19,1.5315
"avocado",6.24137931,4.89,1.7993
"awning",4.565217391,4.61,1.3979
"ax",6.08,4.9,2.3464
"axe",6.153846154,5,2.3979
"axes",4.833333333,4.68,1.5563
"axle",4.904761905,4.5,1.8062
"azalea",5.263157895,4.4,0.8451
"babe",4.555555556,3.67,3.2589
"baby",6.285714286,5,4.4146
"backboard",4.565217391,4.93,1.3979
"backbone",4.64,4.19,1.9294
"backdoor",5.2,4.5,1.4914
"backgammon",4.869565217,4.47,1.5798
"backpack",5.72,4.96,2.2718
"backscratcher",5.52,4.58,0.7782
"bacon",5.916666667,4.9,2.7825
"badge",5.72,4.93,2.8915
"badminton",4.92,4.7,1.301
"bag",6.038461538,4.9,3.681
"baggage",5.965517241,4.43,2.5038
"bagpipe",5.761904762,4.97,1.2041
"bagpipes",5,4.93,1.5563
"bait",4.375,4.45,2.6964
"baklava",5.454545455,4.32,1.2041
"balcony",4.739130435,4.68,2.5729
"ball",6.608695652,5,3.7287
"ballerina",4.695652174,4.61,2.0755
"balloon",5.523809524,4.92,2.6464
"balloonist",4.275862069,4.5,0.6021
"ballot",4.434782609,4.73,1.8451
"ballplayer",4.56,4.68,1.5185
"balm",4.583333333,3.68,1.4914
"bamboo",5.68,4.86,1.9085
"banana",6.107142857,5,2.7388
"band",4.384615385,4.68,3.4354
"bandage",6.304347826,4.85,2.1673
"bangle",5.115384615,4.38,NA
"banister",5.130434783,4.75,1.8325
"banjo",6.291666667,4.9,1.9243
"bank",4.72,4.78,3.637
"bankbook",5.363636364,4.81,0.9542
"banknote",4.52173913,4.88,0.8451
"banquet",4.538461538,4,2.4216
"barbecue",4.833333333,4.52,2.6599
"barber",4.958333333,4.59,2.4472
"barkeep",4.260869565,4.22,NA
"barley",4.541666667,4.59,1.6721
"barman",4.818181818,4.46,1.4624
"barn",5.173913043,4.79,2.8414
"barnacle",4.260869565,4.92,NA
"barrel",5.304347826,4.86,2.7348
"barrette",6,4.12,0.9542
"barricade",4.28,4.57,1.8808
"bartender",4.64,4.82,2.6981
"baseball",6.037037037,4.86,3.1103
"baseboard",5.375,4.9,1
"basement",4.6,4.89,3.0314
"basil",5.916666667,4.76,NA
"basin",4.818181818,4.63,1.9868
"basket",6.391304348,5,2.828
"basketball",6.25,4.97,3.0382
"bass",4.37037037,4.31,2.5866
"bassinet",5.375,4.71,1.2788
"bat",5.041666667,5,3.0224
"bath",5.964285714,4.85,3.2009
"bathe",5.214285714,4.19,2.1106
"bathroom",6,4.52,3.4978
"bathtub",6.565217391,4.92,2.4942
"baton",5.913043478,4.64,NA
"battery",4.8,4.67,2.8021
"battleship",4.36,4.81,1.9445
"bayonet",4.916666667,4.77,1.9085
"bazooka",5.041666667,4.66,1.6721
"beach",5.666666667,4.79,3.4607
"beachwear",6.304347826,4.64,0.4771
"bead",5.545454545,4.9,1.7634
"beagle",5.2,4.81,NA
"beaker",5.416666667,4.72,1.3617
"beanstalk",4.5,4.7,1.2788
"beard",5.565217391,4.96,2.8089
"beautician",4.608695652,4.69,1.0792
"bed",6.36,5,3.9797
"bedclothes",5.708333333,4.63,1
"bedpost",5.346153846,4.79,1.2304
"bedroom",5.708333333,4.9,3.2725
"bedspread",6.08,4.85,1.3802
"beef",5.714285714,4.74,3.0026
"beefcake",4.458333333,3.9,1
"beefsteak",5.227272727,4.76,NA
"beer",5.791666667,4.88,3.5856
"beet",5.32,4.8,1.1761
"beetle",5.166666667,4.83,2.0253
"beggar",4.28,4.59,2.1038
"bell",5.76,4.96,3.3025
"bellboy",4.8,4.39,1.8062
"bellflower",4.428571429,4.26,NA
"bellman",4.32,4.89,1.7482
"belly",5.846153846,4.8,2.9004
"belongings",5.173913043,3.88,2.1903
"belt",5.80952381,4.9,3.0945
"bench",6.166666667,4.87,2.6937
"beret",5.695652174,4.8,1.6902
"berry",5.523809524,4.93,NA
"beverage",6.208333333,4.6,2.0792
"bib",5.375,4.79,1.415
"bible",5.826086957,4.61,NA
"bicep",5.666666667,4.67,1.2304
"bicycle",6.08,4.89,2.5289
"bifocal",4.9,4.1,0.301
"bifocals",5.875,4.64,1
"bike",6.48,5,3.1209
"bill",5.111111111,4.68,NA
"billfold",5.444444444,4.71,1.1139
"billiards",4.925925926,4.61,1.5315
"bin",5.260869565,4.72,2.4393
"binoculars",6.16,5,1.9085
"biologist",4.48,3.96,1.8129
"bird",4.896551724,5,3.3653
"birdbath",4.916666667,4.96,1.0414
"birdseed",5.739130435,4.96,1.2788
"birthmark",4.333333333,4.35,1.9345
"biscuit",5.964285714,4.9,NA
"bisque",4.28,4.08,1.3222
"bistro",4.518518519,4.44,1.6721
"blackberry",5.416666667,4.97,1.5911
"blackboard",5.392857143,4.72,1.7853
"blackhead",4.739130435,4.71,0.699
"blackheads",4.260869565,4.79,0.7782
"blade",5.833333333,4.93,2.8222
"blanket",6.56,5,2.8215
"blazer",5.652173913,4.79,1.7993
"bleach",5.32,4.74,2.0755
"bleacher",5.083333333,4.14,NA
"blender",5.739130435,5,1.9345
"blindfold",5.125,4.57,1.9494
"blister",5.2,4.71,1.6902
"block",5.413793103,4.48,3.3156
"bloke",4.541666667,3.89,2.3784
"blood",5.32,4.86,3.9774
"bloodhound",4.833333333,4.76,1.7076
"bloomers",4.4,4.26,1.3979
"blouse",6.47826087,4.96,2.4362
"blower",4.48,4.07,1.2553
"blowgun",4.625,4.83,0.6021
"blowpipe",5,4.42,0.699
"blowtorch",5.541666667,4.93,1.6435
"blueberry",6,4.96,2.1206
"bluefish",4.48,4.79,0.9542
"blueprint",4.833333333,4.77,1.8062
"boa",4.333333333,4.92,1.8261
"board",4.48,4.57,3.5149
"boardinghouse",4.565217391,4.5,0.8451
"boat",5.130434783,4.93,3.689
"boathouse",4.52173913,4.78,1.6021
"boatman",4.76,4.73,NA
"bobsleigh",5.64,4.77,1.1139
"bodice",4.80952381,4.78,1.0792
"body",6.038461538,4.79,3.9988
"bodybuilder",4.958333333,4.43,1.1761
"bodyguard",4.72,4.75,2.4669
"bolt",4.925925926,4.67,2.5465
"bomb",4.384615385,4.84,3.4373
"bonbon",4.807692308,4.61,1.415
"bondsman",4.416666667,3.79,1.4314
"bone",5.259259259,4.9,3.1239
"bong",5.6,4.27,2.1553
"bonnet",6.043478261,4.93,1.9823
"book",6.47826087,4.9,3.9555
"bookbinder",4.75,4.93,NA
"bookcase",5.56,4.93,1.6902
"bookend",5.291666667,4.32,0.4771
"bookkeeper",4.458333333,4.64,1.8195
"booklet",5.5,4.72,1.4624
"bookmark",5.857142857,4.9,1.3424
"bookmarker",4.576923077,4.62,0.301
"bookseller",5,4.43,0.7782
"bookshelf",5.727272727,4.93,1.2553
"boomerang",5.666666667,4.7,1.6812
"boot",6.555555556,4.96,2.7551
"booth",4.92,4.42,3.017
"bootlace",5.64,4.54,0.301
"boots",6.434782609,5,2.9903
"booze",5.84,4.48,2.7474
"bosom",5.52,4.63,2.2041
"bottle",5.464285714,4.91,3.4131
"boulder",4.958333333,4.67,NA
"bouquet",4.909090909,4.74,2.2175
"bourbon",5.173913043,4.93,2.5051
"boutique",4.692307692,4.27,1.7482
"bowl",6.16,4.87,3.0394
"bowling",5,4.56,2.7372
"box",6.291666667,4.9,3.6607
"boxer",4.608695652,4.63,2.2945
"boy",4.962962963,4.76,4.4317
"boyfriend",6.310344828,4.59,3.5664
"bra",6.52173913,4.54,2.7466
"brace",5.04,3.96,NA
"bracelet",6.5,4.96,2.601
"braid",5.64,4.38,1.6902
"bran",4.407407407,4.48,1.8325
"branch",4.821428571,4.9,2.7118
"brandy",5.64,4.81,2.7543
"brass",4.4,4.7,2.7917
"brassiere",5.666666667,4.64,1.4472
"bratwurst",5.434782609,4.82,1.3979
"bread",6.230769231,4.92,3.1602
"breadbasket",5.222222222,4,1.0414
"breadboard",5.44,4.7,0.301
"breakfast",6.173913043,4.43,3.5292
"breast",5.4,4.89,2.6609
"breastbone",5.318181818,4.33,1
"breastplate",5.136363636,4.67,1.1139
"breasts",6.173913043,5,2.8028
"breeches",4.666666667,4.07,1.301
"brick",5.64,4.83,2.716
"bricklayer",4.84,4.42,1.0414
"brickwork",4.777777778,4.48,0.4771
"bridegroom",4.384615385,4.39,1.8692
"bridesmaid",5.08,4.41,2.1004
"bridge",5.52173913,4.97,3.3677
"briefcase",6.25,4.86,2.6425
"briefs",5.64,4.33,1.6335
"brisket",5.291666667,4.61,1.6812
"broach",5.041666667,3.74,1.3802
"broccoli",5.04,4.87,2.0682
"brochure",6.2,4.76,1.9912
"broiler",5.25,4.83,1.0414
"broker",4.464285714,4.03,2.2695
"brooch",5.130434783,4.19,1.8325
"broom",6.416666667,4.89,2.3874
"broomstick",6.043478261,4.8,1.6435
"broth",5.321428571,4.68,1.6628
"brother",5.043478261,4.43,4.1608
"brow",4.416666667,4.39,1.9777
"brush",6.043478261,4.54,2.8591
"brushes",4.857142857,4.67,1.8633
"bubble",4.64,4.6,2.6117
"buck",4.291666667,4.67,NA
"bucket",6,4.96,2.7093
"buckle",4.846153846,4.71,2.4116
"buckwheat",4.44,4.54,NA
"buddy",4.916666667,3.48,3.72
"buffalo",4.692307692,4.83,NA
"buffet",5.409090909,4.67,2.356
"bug",5.296296296,5,3.029
"bugle",4.541666667,4.84,1.9494
"builder",4.826086957,3.97,1.6902
"building",5.208333333,4.64,3.7058
"bulb",5.391304348,4.93,2.3032
"bulldozer",4.565217391,4.9,1.8261
"bullet",5.772727273,4.83,3.2903
"bullfighter",4.6,4.7,1.5441
"bullfrog",4.884615385,4.9,1.4314
"bully",4.857142857,3.92,2.567
"bum",4.346153846,4.21,2.8965
"bun",5.916666667,4.88,2.1703
"bunion",4.36,4.64,1.5563
"bunk",4.260869565,4.3,2.5065
"bunkhouse",4.625,4.37,1.6232
"bunkmate",4.458333333,4,1.0792
"bunny",4.5,4.97,NA
"buoy",5.125,4.57,1.7853
"burger",6.111111111,4.93,2.7185
"burglar",4.260869565,4.44,2.4518
"burlap",5.333333333,4.78,1.0792
"bus",5.192307692,4.9,3.578
"bush",4.8,4.9,2.8579
"businessman",5.25,4.47,2.6075
"businesswoman",5.08,4.35,1.415
"busman",4.68,3.91,0.6021
"butcher",4.739130435,4.65,2.6385
"butt",5.652173913,4.75,3.294
"butter",6.217391304,4.9,3.0183
"buttercup",5.48,4.71,NA
"buttermilk",4.826086957,4.68,1.7993
"butterscotch",4.769230769,4.58,1.415
"buttock",5.25,4.79,1.2553
"buttocks",6.434782609,4.83,1.9731
"button",6.153846154,4.96,3.159
"buttonhole",5.074074074,4.7,1.0792
"buttonhook",4.45,4.04,NA
"bystander",4.791666667,4.17,1.6628
"ca",NA,NA,NA
"cab",5.6,4.88,3.2617
"cabbage",5.608695652,4.75,2.1732
"cabdriver",5.12,4.79,1.1761
"cabin",4.56,4.92,3.0013
"cabinet",5.64,4.89,2.6294
"cable",4.913043478,4.74,3.0449
"cacti",4.333333333,4.5,0.699
"cactus",4.5,5,2.1732
"caddy",4.913043478,4.32,2.1644
"cadet",4.291666667,4.21,2.248
"cadillac",5.12,4.93,NA
"cafe",4.772727273,4.96,2.4133
"cafeteria",4.8,4.71,2.4624
"cage",5.291666667,5,3.0149
"cake",6.086956522,4.81,3.3615
"calculator",6.24,4.86,1.8261
"calender",5.84,4.82,0.6021
"calf",5.08,4.48,2.1818
"calipers",4.666666667,4.78,0.301
"calves",5,4.66,1.9191
"camel",4.52173913,4.93,2.4099
"camera",6.086956522,5,3.4636
"camisole",5.476190476,4.81,0.7782
"can",4.88,4.55,5.4275
"candidate",4.739130435,3.81,2.6385
"candle",5.166666667,4.86,2.6128
"candlestick",6,4.93,1.415
"candy",6.4,4.83,3.2615
"cane",6.068965517,4.87,2.6294
"canine",5.375,4.71,1.9395
"cannabis",5.666666667,4.69,1.3802
"cannonball",4.304347826,4.8,NA
"canoe",5.818181818,4.86,2.2625
"cantaloupe",5.666666667,4.76,1.5911
"canteen",5.607142857,4.88,1.9445
"canvas",5.590909091,4.78,2.3365
"canvass",4.347826087,4.08,1.699
"cap",5.826086957,4.59,2.9809
"capacitor",4.375,3.96,1.1761
"cape",5.416666667,4.77,NA
"capes",4.481481481,4.81,1.2304
"capsule",5.041666667,4.52,2.1173
"captain",4.913043478,4.19,NA
"car",6.035714286,4.89,4.3916
"caramel",5.28,4.73,1.8062
"card",5.56,4.9,3.6393
"cardboard",5.739130435,4.9,2.143
"cardigan",6.130434783,4.96,1.4771
"caretaker",5.071428571,4.24,2.1004
"carnival",5.125,4.68,2.5611
"carp",4.52173913,4.62,1.6021
"carpenter",5.464285714,4.41,NA
"carpet",6.041666667,4.96,2.7745
"carpeting",5.115384615,4.21,1.4771
"carport",4.28,4.79,0.7782
"carriage",5.08,4.86,2.5821
"carrot",6.043478261,5,2.2923
"cart",5.4,4.89,2.6646
"carton",5,5,1.9868
"cartridge",5.12,4.78,1.699
"case",4.272727273,3.93,4.1585
"casebook",5.391304348,4.48,0.4771
"caseworker",4.32,4.37,1.1761
"cash",6.36,4.48,3.5676
"cashier",4.888888889,4.89,2.2253
"cashmere",4.875,4.72,1.8921
"casket",4.714285714,4.86,2.2122
"casserole",5.88,4.87,1.9345
"cassette",5.148148148,4.6,1.9731
"castle",4.307692308,4.96,3.0414
"cat",5.913043478,4.86,3.5294
"catalogue",5.916666667,4.36,2.0374
"catapult",4.84,4.43,1.5051
"caterpillar",5.083333333,4.87,1.7634
"catfish",5,4.85,1.8062
"cathedral",4.5,4.86,2.281
"catnip",4.52,4.68,1.3424
"catsup",5.074074074,4.85,0.6021
"cattle",4.625,4.64,2.8293
"catwalk",4.652173913,4.15,1.5682
"cauldron",4.8,4.61,1.3979
"cauliflower",5.269230769,5,1.4624
"cavalryman",4.291666667,4.46,0.7782
"caviar",4.818181818,4.7,2.2923
"cayenne",5.347826087,4.22,1.5911
"cedar",4.583333333,4.83,NA
"celery",6.086956522,4.8,1.9823
"cellar",4.6,4.68,2.6803
"cellist",4.869565217,4.31,1.3424
"cello",5.038461538,4.96,1.9823
"cellophane",4.703703704,4.54,1.6335
"cement",5.04,4.97,2.3711
"cent",5.12,4.19,2.6848
"centipede",5.25,4.79,1.3617
"ceramic",4.62962963,4.04,1.7993
"ceramics",5.458333333,4.62,1.4771
"cereal",5.958333333,4.83,2.5119
"certificate",5.041666667,4.59,2.6618
"cervix",4.739130435,4.62,1.3424
"chain",5.958333333,4.55,3.0346
"chair",6.88,4.58,3.4
"chairman",4.965517241,4.31,NA
"chairperson",4.44,4.58,0.8451
"chairwoman",4.347826087,4.41,1.0414
"chalet",4.416666667,4.36,1.4314
"chalice",5.208333333,4.83,1.5185
"chalk",5.92,4.9,2.2648
"chambermaid",4.727272727,4.4,1.5051
"champagne",5.583333333,4.82,3.2033
"chapel",4.52,4.6,2.6096
"chaplain",4.72,4.33,2.0682
"charcoal",4.740740741,4.85,1.959
"chart",4.428571429,4.48,2.6848
"chauffeur",4.84,4.43,2.4594
"checkbook",5.666666667,4.97,2.0828
"checkerboard",5.391304348,4.96,0.7782
"checklist",4.464285714,4.61,1.6021
"cheddar",5.291666667,4.46,NA
"cheek",5.481481481,4.83,2.5635
"cheekbone",4.88,4.71,1.1761
"cheerleader",5.285714286,4.9,2.5185
"cheese",6.391304348,4.7,3.2993
"cheeseburger",NA,4.93,2.2148
"cheesecake",6.458333333,4.97,2.0755
"cheesecloth",5.52173913,4.8,0.4771
"chef",4.64,4.3,2.7832
"chemicals",5.04,4.14,2.4654
"cherry",5.454545455,4.62,2.8414
"chessboard",6.04,4.68,1.2553
"chest",5.851851852,4.93,3.3204
"chestnut",5.555555556,4.7,1.8195
"chevy",4.956521739,4.48,NA
"chick",4.47826087,4.93,3.1255
"chicken",5.5,4.8,3.4982
"chickenfeed",4.72,4.78,0.6021
"chihuahua",6.25,4.38,NA
"child",5.695652174,4.78,3.9053
"childbirth",4.391304348,4.04,1.8976
"children",5.52,4.89,3.9509
"chili",5.291666667,4.79,2.5832
"chimney",4.730769231,5,2.3304
"chimpanzee",4.260869565,4.96,1.7993
"chin",5.884615385,4.89,2.8116
"chinaware",5.913043478,4.82,0.4771
"chinchilla",4.925925926,4.72,1.4472
"chip",5.181818182,4.71,3.022
"chiropractor",5.5,4.86,1.6628
"chisel",5.333333333,4.63,1.6628
"chocolate",6.307692308,4.72,3.1761
"chopstick",5.625,4.93,1.1461
"chopsticks",6.391304348,5,1.9731
"choreographer",4.826086957,4.23,1.7324
"chow",4.642857143,4.47,2.5453
"chowder",4.96,4.7,1.9191
"chronograph",4.684210526,4.19,0.4771
"chronometer",4.5,4.11,1.0792
"chrysanthemum",5.727272727,4.57,NA
"cider",4.958333333,4.97,1.9912
"cigar",5.962962963,4.93,2.8202
"cigarette",6.272727273,4.88,3.1329
"citrus",4.6,4.21,1.4314
"clam",4.375,4.89,2.3032
"clamp",5.36,4.53,2.5453
"clamshell",4.347826087,4.82,NA
"clarinet",5.923076923,4.92,1.9085
"classmate",5.363636364,4.32,1.8976
"claw",4.391304348,4.83,2.3502
"clay",5.52,4.93,NA
"cleat",4.5,4.5,1.3617
"cleavage",4.625,4.64,1.8513
"cleavers",5.48,4.56,0.4771
"clergy",4.48,4.03,1.6902
"clergyman",4.652173913,4.73,1.2553
"clerk",4.68,4.28,2.8189
"client",4.545454545,3.9,3.4339
"cliff",4.64,4.71,NA
"clip",4.833333333,4.37,2.4639
"clipboard",5.652173913,4.93,1.5911
"clipper",4.923076923,4.3,1.7782
"clips",4.52,4.3,2.0492
"clitoris",6.090909091,4.93,1.7404
"cloak",5.791666667,4.71,2.1875
"clock",4.714285714,5,3.4758
"closet",4.962962963,4.83,3.1405
"cloth",5.961538462,4.9,2.4942
"clothes",6.08,4.76,3.7126
"clothesline",5.333333333,4.86,1.3424
"clothespin",5.12,4.41,1.2041
"clothing",6.666666667,4.43,2.7435
"clove",5.086956522,4.42,1.4314
"clover",4.695652174,4.69,1.8325
"cloverleaf",4.565217391,4.86,NA
"club",5.458333333,3.78,3.7023
"clubhouse",4.28,4.61,1.9191
"coachman",4.739130435,4.12,1.4914
"coal",4.875,4.66,2.5263
"coaster",5.333333333,4.68,2.2041
"coat",6.565217391,4.97,3.3318
"cob",4.636363636,4.79,NA
"cobblestone",5.086956522,4.79,0.9542
"cobweb",4.916666667,4.92,1.0414
"cocaine",5.913043478,4.52,2.6253
"cock",5.04,4.79,2.7642
"cockatoo",4.666666667,4.73,0.9542
"cocktail",5.481481481,4.4,2.7451
"cocoa",5.625,4.89,2.4099
"coconut",5.64,4.79,2.3711
"cod",4.458333333,4.61,NA
"coffee",5.538461538,4.81,3.8676
"coffeepot",6.037037037,4.64,1.3424
"coffin",5.52,4.86,2.6646
"coin",6.4,4.89,2.6972
"coke",6.2,4.83,NA
"cola",5.565217391,4.79,NA
"colander",6,4.21,0.8451
"coleslaw",4.72,4.67,1.8062
"collar",5.12,4.64,2.73
"collarbone",5.48,4.85,1.6335
"colleague",5.724137931,3.79,2.5403
"collie",5.730769231,4.77,NA
"cologne",5.541666667,4.76,2.2095
"colt",4.916666667,4.96,NA
"comb",5.923076923,5,2.4914
"comforter",6.16,4.7,1.3222
"comic",4.88,4,2.7427
"committeewoman",4.857142857,4.33,0.4771
"commode",5.481481481,4.54,1.2041
"companion",5.739130435,3.75,2.5105
"compass",5.538461538,4.66,2.3181
"compasses",5.2,4.35,0.8451
"compost",5.041666667,4.46,1.4624
"compressor",4.5,4.39,1.415
"computer",6.714285714,4.93,3.4789
"concert",4.714285714,4.35,2.9523
"conch",4.285714286,4.52,1.3222
"concrete",5.166666667,4.59,2.5798
"condiment",5.76,4.72,0.9542
"conditioner",5.130434783,4.21,2.0453
"condom",6.346153846,4.87,2.4216
"condominium",4.678571429,4.35,1.2553
"conductor",4.75,4.26,2.1931
"cone",4.608695652,4.86,2.1761
"confetti",4.76,4.93,1.6721
"congresswoman",4.32,4.48,1.2304
"container",5.461538462,4.85,2.3424
"contraceptive",5.391304348,3.89,1.2553
"controller",5.458333333,4.33,1.8261
"cookbook",5.68,4.9,1.5798
"cookhouse",4.423076923,4.62,0.301
"cookie",6.5,5,2.9309
"cooler",5.625,4.14,2.5575
"cop",4.458333333,4.3,3.6429
"copier",5.136363636,4.72,1.5185
"copilot",4.791666667,4.59,1.7404
"copper",4.833333333,4.52,2.5276
"copybook",5,4.67,0.699
"cord",6.103448276,4.63,2.5551
"corduroy",5.041666667,4.56,1.5441
"cork",5.636363636,4.86,2.1673
"corkscrew",6.04,4.85,1.7634
"corn",6,4.96,2.8609
"cornbread",5.16,4.79,1.6721
"cornfield",4.739130435,4.96,1.5682
"cornflakes",5.6,4.82,1.415
"cornflower",4.739130435,4.71,0.6021
"cornmeal",5.913043478,4.83,1.1139
"cornstarch",5.043478261,4.56,1
"corridor",4.5,4.72,2.4548
"corsage",5.782608696,4.38,1.6902
"corset",5.44,4.48,1.6628
"corvette",5.875,4.76,NA
"cosmetician",4.8,4.15,0.6021
"cosmetics",5.75,4.72,1.9956
"costume",6.28,4.57,2.8585
"costumer",4.434782609,4.04,0.9542
"cottage",4.52173913,4.85,2.433
"cotton",5.28,4.97,2.8597
"couch",6.260869565,4.71,3.0785
"council",4.321428571,2.73,2.9365
"councilman",4.869565217,4.26,1.8633
"councilwoman",4.583333333,4.59,NA
"counselor",4.375,4.24,2.705
"countrywoman",4.44,4.25,0.7782
"coupon",4.821428571,4.79,2.0492
"courtyard",4.392857143,4.57,2.0414
"cousin",5.375,3.7,3.3965
"coverall",4.739130435,4.36,0.6021
"cow",5.434782609,4.96,3.1146
"cowhide",4.6,4.76,0.9031
"cowskin",4.652173913,4.81,0.301
"crab",NA,4.9,2.5478
"crabgrass",4.956521739,4.52,0.8451
"cracker",5.24,4.96,2.4698
"crackers",5.913043478,4.93,2.4624
"cradle",5.652173913,4.93,2.1644
"craftsman",4.833333333,4,1.6812
"cranberry",5.458333333,4.96,2
"crane",4.695652174,4.68,NA
"crankshaft",4.666666667,4.73,0.8451
"crap",4.666666667,3.67,3.4986
"crate",5.304347826,4.93,2.3222
"crawfish",4.666666667,5,1.1461
"crayfish",5.043478261,4.93,0.4771
"crayon",6.36,4.87,1.3424
"cream",5.153846154,4.83,3.3953
"creamer",5.24,4.66,1.5682
"creature",4.833333333,4.07,3.0386
"creek",4.52,4.87,NA
"crepe",5.416666667,4.5,1.6335
"crewman",4.291666667,4.39,1.7076
"crib",5.56,4.86,2.5011
"cricket",4.653846154,4.77,2.1614
"crisps",5.130434783,4.04,1.1461
"critter",4.863636364,4.19,1.8195
"crocodile",4.291666667,4.83,2.0645
"croissant",6,4.96,1.6628
"crop",4.833333333,4.24,2.3962
"croquet",4.84,4.59,1.6532
"croquette",4.681818182,4.24,0.4771
"cross",5,4.44,3.4484
"crossbar",5.043478261,4.57,0.7782
"crossbow",5.541666667,4.77,1.7559
"crosswalk",4.714285714,4.62,1.3424
"crossword",4.555555556,4.48,1.9542
"crotch",5.6,4.77,2.1492
"crouton",5.724137931,4.9,1.1461
"crowbar",6.25,4.87,1.8261
"crown",6.173913043,4.81,2.8445
"crucifix",5.68,4.45,1.7853
"cruiser",4.304347826,3.78,2.2122
"crumb",4.45,4.8,1.9685
"crumpet",5.136363636,4.81,1.2553
"crust",5.125,4.59,2.2227
"crutch",5.8,4.5,1.8325
"crypt",4.541666667,4.75,1.8513
"cryptographer",4.583333333,3.61,0.4771
"crystal",4.37037037,4.58,2.9159
"cube",4.75,4.62,2.1847
"cubical",4.36,4.21,0.301
"cucumber",6.04,4.83,2.0086
"cuff",5.333333333,4.61,2.4654
"cuisine",4.652173913,3.7,2
"cup",6.043478261,5,3.4208
"cupboard",5.782608696,4.79,2.1072
"curb",4.72,4.68,2.3222
"curd",4.875,4.19,1.3617
"curler",4.454545455,4.13,0.7782
"curry",4.565217391,4.84,2.0969
"curtain",5.875,4.82,2.721
"cushion",5.75,4.68,2.0453
"custard",4.956521739,4.85,1.8129
"custodian",4.481481481,4.64,1.699
"customer",5.541666667,3.82,2.8899
"cuticle",5.08,4.94,1.301
"cutlery",5.913043478,4.75,1.2788
"cutlet",5.272727273,4.52,1.2788
"cuttlefish",4.454545455,4.23,1.0414
"cymbal",5.958333333,4.92,1.1461
"cymbals",5.695652174,4.88,1.3979
"dachshund",5.125,4.67,1.2788
"dad",5.416666667,4.29,NA
"daddy",5.24,4.24,NA
"daffodil",5.045454545,4.96,1.0414
"dagger",5.923076923,4.96,2.4014
"daggers",4.75,4.72,1.7924
"daiquiri",5.454545455,4.62,1.6232
"dairy",4.28,4.45,2.1553
"daisy",5,5,NA
"damsel",4.652173913,3.88,1.6628
"dance",4.44,4.32,3.878
"dancer",5.090909091,4.75,2.9201
"dandelion",5.826086957,5,1.2041
"dandruff",4.72,4.79,1.6232
"darkroom",4.416666667,4.45,1.6532
"dart",5.291666667,4.9,1.9956
"dartboard",5.608695652,4.75,0.8451
"daughter",5.192307692,4.79,3.9415
"daybed",5.28,4.41,0.301
"debris",4.75,4.69,2.2041
"deck",5.541666667,4.77,3.0839
"decor",4.538461538,3.77,1.7243
"deer",4.416666667,4.86,2.6484
"deerskin",4.826086957,4.9,0.301
"defendant",4.291666667,3.8,2.9566
"delicatessen",4.347826087,4.28,1.6232
"deliverer",4.52173913,3.72,0.699
"deliveryman",4.44,4.23,0.9031
"democrat",4.416666667,3.96,NA
"den",4.333333333,4.57,2.4955
"denim",5.416666667,4.77,1.5315
"denims",5.541666667,4.36,0.7782
"dentist",5.038461538,4.93,2.7574
"deodorant",6.36,5,1.9191
"dermatologist",4.92,4.21,1.4624
"derriere",5.5,4.65,1.2553
"desert",4.291666667,4.86,3.1547
"desk",6.260869565,4.87,3.3502
"dessert",5.695652174,4.93,2.8549
"detergent",5.227272727,4.77,1.7243
"detonator",4.68,4.76,2.0864
"device",5.75,3.97,2.9671
"diagram",4.5,4.36,1.8195
"diamond",5.304347826,4.89,3.0228
"diaper",5.64,4.82,2.3404
"diaphragm",4.269230769,3.93,2.0253
"dice",6.192307692,4.86,2.7275
"dictionary",6.04,4.62,2.281
"dietician",4.72,4.14,0.6021
"dildo",6.52173913,4.7,1.8388
"dime",6.083333333,4.85,2.7896
"diner",4.375,4.82,2.8014
"dinner",5.545454545,4.5,4.0144
"dinnerware",5.916666667,4.79,0.9031
"dip",4.535714286,4.22,2.6096
"diploma",5.96,4.93,2.1139
"dipper",4.909090909,4.21,NA
"dipstick",5.185185185,3.81,1.415
"dirt",5.08,4.86,3.1176
"dish",5.8,4.9,2.7672
"dishwasher",5.592592593,4.86,2.017
"dishwater",5.2,4.61,1.0792
"dispenser",4.708333333,3.84,1.7243
"dividers",4.384615385,4.29,0.4771
"divorcee",4.5,3.8,1.3979
"dock",4.541666667,4.64,2.6972
"doctor",5.68,4.69,4.1291
"document",4.818181818,4.41,2.7126
"dog",6.4,4.85,3.9928
"dogcatcher",4.72,4.35,1.2788
"doghouse",5.076923077,4.79,1.7634
"doll",6.434782609,5,3.1017
"dollar",6.24,4.93,3.1495
"dollhouse",5.826086957,4.86,1.3617
"dolphin",4.52,4.96,2.1523
"domino",5.96,4.59,NA
"dominoes",5.703703704,4.66,1.6628
"donkey",4.826086957,5,2.4378
"donut",NA,4.93,1.8633
"door",6.217391304,4.81,4.1731
"doorbell",5.916666667,4.82,2.6294
"doorframe",5.086956522,4.79,0.6021
"doorknob",6.518518519,4.97,1.9395
"doorknocker",5.52173913,4.7,0.7782
"doorman",4.68,4.79,2.2122
"doornail",5.4,4.9,1.5682
"doorstep",5.333333333,5,2.238
"doorstop",5.260869565,4.82,1.1461
"dorm",4.32,4.41,2.5682
"dormitory",4.821428571,4.64,1.716
"douche",4.652173913,4.13,2.0828
"dough",6.086956522,4.79,2.909
"doughnut",6.260869565,4.96,2.3345
"dove",4.333333333,4.88,2.4548
"drain",4.291666667,4.61,2.6444
"drainpipe",4.875,4.86,1.4624
"drapery",4.68,4.32,0.6021
"drawer",6,4.67,2.8222
"drawers",5.869565217,4.96,2.3404
"drawing",4.695652174,4.6,2.9128
"drawstring",5.28,4.74,0.6021
"dress",6.16,4.93,3.6482
"dresser",5.04,4.96,2.2625
"dressing",5.08,4.03,2.9058
"dressmaker",4.875,4.64,1.4624
"driftwood",5.416666667,4.88,1.6435
"drill",5.739130435,4.4,2.8463
"drink",6.074074074,4.76,4.101
"driver",4.565217391,4.71,3.3833
"drone",4.291666667,3.93,2.1614
"drug",5.375,4.48,3.363
"drugstore",5.260869565,4.82,2.3424
"drum",5.8,4.96,2.6365
"drumstick",5.708333333,4.96,1.2788
"drunkard",4.571428571,3.77,1.7993
"dryer",5.56,4.79,2.3655
"drywall",5.208333333,4.7,1.2304
"duck",5.041666667,4.86,3.1017
"duckling",5.125,4.93,1.6021
"duckweed",4.4,4.29,0.301
"ductwork",4.52173913,4.81,0.699
"dude",5,3.93,3.7052
"duffel",4.380952381,4.12,1.8865
"dumbbell",5.958333333,4.69,1.415
"dumbwaiter",4.44,4.55,1.2304
"dumpling",4.826086957,4.65,1.6628
"dust",4.827586207,4.4,3.0853
"dustbin",5.708333333,4.54,0.9031
"duster",5.32,4.64,1.3222
"dwarf",4.333333333,4.45,2.1987
"dwelling",4.857142857,4.14,1.8388
"dye",4.52173913,4.58,2.2967
"dynamite",5.260869565,4.68,2.7126
"ear",6.652173913,5,3.213
"earmuff",6.260869565,4.85,0.6021
"earphone",5.52173913,4.74,0.8451
"earpiece",5.76,4.79,1.4472
"earplug",6.111111111,4.82,0.6021
"earplugs",6.541666667,4.9,1.6435
"earring",6.428571429,4.96,2.143
"earth",5.555555556,4.8,3.7054
"earthworm",4.916666667,4.89,0.9031
"earwax",5.041666667,4.87,1
"easel",4.72,4.97,1.1761
"eclair",6.166666667,4.75,1.0414
"ecologist",4.458333333,3.68,0.4771
"edibles",5.428571429,3.86,0.4771
"editor",4.5,4.25,2.8021
"educator",5,4,1.3979
"eel",4.653846154,4.69,1.8692
"egg",6.068965517,4.97,3.1235
"eggbeater",5.96,4.89,1.1139
"eggplant",5.807692308,4.97,1.7559
"eggshell",5.791666667,4.77,1.3802
"elbow",6.458333333,5,2.4969
"electrician",4.625,4.21,1.8865
"electrocardiogram",4.347826087,4.16,0.699
"electronics",5.12,4.37,2.1461
"elephant",4.36,5,2.7642
"elevator",NA,4.79,3.0955
"emerald",4.833333333,4.93,NA
"employee",5.045454545,4.1,2.7716
"employer",5.291666667,3.81,2.4393
"enamel",4.652173913,4.21,1.4771
"encyclopedia",6.16,4.79,1.9138
"enemy",4.375,2.83,3.3936
"engine",5.333333333,4.86,3.2114
"engineer",5.379310345,4.64,2.776
"entertainer",4.964285714,4.17,1.9294
"entomologist",4.583333333,3.88,1.301
"entree",5.28,4.28,1.6335
"envelope",5.64,4.93,2.711
"environment",4.52173913,3.74,2.8149
"environmentalist",4.482758621,3.72,1.1461
"epidermis",5.636363636,4.69,1.2041
"equipment",5.28,4.83,3.1136
"eraser",5.791666667,4.74,1.716
"erection",5.4,4.22,2.0492
"escalator",5.52,5,1.8261
"espresso",5.24,4.41,2.0253
"essay",4.333333333,3.97,2.4969
"evergreen",4.444444444,4,1.0414
"examiner",4.565217391,3.57,2.1173
"excavator",4.409090909,4.07,0.699
"excrement",4.56,4.43,1.7993
"executioner",4.44,4.17,1.8451
"extinguisher",5.043478261,4.7,1.8976
"eye",5.72,4.9,3.756
"eyeball",5.555555556,4.92,1.9777
"eyebath",4.368421053,3.79,0.301
"eyedrop",5.48,4.81,0.6021
"eyeglass",5.958333333,4.7,0.6021
"eyeglasses",6.28,4.92,1.5441
"eyelash",5.423076923,5,1.6532
"eyelid",5.52173913,5,1.2553
"eyepiece",5.8,4.74,0.4771
"eyewash",5.4,4.7,0.9031
"fabric",6.08,4.63,2.3909
"face",5.857142857,4.87,4.1687
"factory",4.44,4.76,2.9335
"fag",4.8,2.93,2.4409
"fairground",4.608695652,4.7,1.0414
"family",5.291666667,4.23,4.2569
"fan",5.72,4.71,3.2536
"farm",5.035714286,4.59,3.1855
"farmer",5.08,4.54,2.7818
"farmhand",4.4,4.52,0.6021
"farmhouse",5.068965517,4.74,1.8325
"fastener",4.347826087,4.1,0.301
"father",6.035714286,4.52,4.4515
"faucet",5.869565217,4.48,1.8692
"fauna",5,3.96,1.4472
"fawn",4.535714286,4.3,NA
"feast",4.384615385,4.3,2.5353
"feather",5.260869565,4.9,2.5302
"featherbed",5.434782609,4.69,0.9542
"fedora",6.291666667,4.5,1.1461
"feline",5.458333333,4.38,1.6721
"female",5.689655172,4.57,3.2076
"femur",4.5,4.88,1.7709
"fence",5.62962963,4.82,2.9138
"fender",4.791666667,4.54,2.1173
"fern",NA,5,NA
"ferret",5,4.97,1.9243
"ferryboat",5.083333333,4.77,1.3424
"fertilizer",5.217391304,4.76,2.0043
"festival",4.5,4.33,2.7042
"fiancee",5.652173913,3.86,2.1903
"fiddle",6.043478261,4.81,2.2695
"fieldstone",4.761904762,3.86,NA
"fig",5.083333333,4.97,1.7993
"figurine",5.791666667,4.86,1.1761
"file",5.041666667,4.41,3.3516
"fillet",4.32,4.75,1.415
"film",4.32,4.71,3.5223
"finger",6,5,3.2721
"fingerboard",5.15,4.35,0.699
"fingernail",5.88,4.93,1.8388
"fingerprint",4.291666667,4.96,2.2148
"fingertip",5.928571429,4.93,1.0414
"fir",4.272727273,4.58,1.3617
"firearm",5.814814815,4.64,1.8865
"firebox",4.363636364,4.46,0.4771
"firecracker",4.916666667,4.68,1.7404
"fireplace",5.458333333,4.68,2.415
"firewood",5.72,4.93,1.8921
"firstborn",4.518518519,4.04,1.6128
"fish",5.592592593,5,3.6293
"fishbone",5.173913043,4.57,NA
"fisherman",4.851851852,4.73,2.3464
"fishpond",4.791666667,4.71,0.6021
"fist",6.08,4.93,2.5752
"fixture",5,4.17,1.5185
"flag",5.851851852,4.79,2.9509
"flagpole",4.785714286,4.86,1.5798
"flamethrower",4.740740741,4.57,1.4771
"flannel",4.869565217,4.43,1.8513
"flannels",5.681818182,4.57,0.4771
"flapjack",5.2,4.89,1.1461
"flashbulb",4.375,4.75,0.6021
"flashlight",5.869565217,5,2.4814
"flask",5.416666667,4.79,1.7634
"flatiron",5.590909091,4.24,NA
"flaxseed",5.037037037,4.46,0.7782
"fleece",4.5,4.75,1.7782
"flesh",4.782608696,4.59,3.0515
"floor",5.666666667,4.8,3.7104
"floorboard",5.791666667,4.89,1.1461
"flooring",4.565217391,4.43,1.3617
"florist",4.444444444,4.62,2.0934
"floss",5.166666667,4.41,2.0043
"flounder",4.52173913,3.92,NA
"flour",5.875,4.97,2.2095
"flower",5.916666667,5,3.0652
"flowerbed",5.041666667,4.71,0.8451
"flowerpot",5,4.81,1.1761
"fluid",4.923076923,4.73,2.6599
"flute",5.75,5,2.0374
"flycatcher",5.375,4.61,0.4771
"flypaper",5.037037037,4.77,1.1761
"flyswatter",5.703703704,5,0.4771
"foghorn",4.583333333,4.96,1.1139
"folder",6.260869565,4.93,1.9243
"foliage",4.6,4.67,1.4472
"fondue",4.92,4.79,1.6812
"food",NA,4.8,3.8964
"foodstuff",4.846153846,4,0.4771
"foot",6,4.9,3.5201
"football",6.12,4.73,3.2822
"footballer",5.041666667,4.52,1.2304
"footbath",5.090909091,4.46,0.699
"footboard",5.086956522,4.77,0.301
"footbridge",4.777777778,4.81,0.8451
"footman",4.782608696,4.55,0.699
"footpad",5.041666667,4.37,0.699
"footpath",4.592592593,4.79,1.1761
"footplate",4.875,4.58,0.301
"footstool",6.304347826,4.96,0.9542
"footwear",6.434782609,4.66,1.6128
"forceps",4.869565217,4.79,NA
"ford",4.416666667,4.19,NA
"forearm",5.782608696,4.69,1.7076
"forefinger",5.16,4.64,1.1761
"forehead",5.777777778,4.9,2.6031
"forest",4.6,4.76,2.9841
"fork",5.6,4.9,2.6542
"forklift",5.541666667,4.79,1.699
"fossil",4.925925926,4.9,1.9031
"fountain",5.208333333,4.77,2.5478
"fountainhead",4.523809524,3.87,NA
"foxhound",4.347826087,4.48,0.4771
"frame",4.956521739,4.3,2.8573
"frankfurter",5.708333333,4.88,NA
"freezer",5.260869565,4.87,2.4216
"fridge",6.166666667,4.92,2.7016
"friend",5,3.07,4.3301
"frog",5.125,5,2.781
"frosting",5,4.86,1.8633
"fruit",6,4.81,3.0449
"fruitcake",6,4.62,2.0253
"fryer",5.541666667,4.5,1.5315
"fudge",5.68,4.89,2.2695
"fungus",4.32,4.59,2.0531
"funnel",4.833333333,4.52,1.7559
"furnace",4.68,4.69,2.143
"furnishings",6.166666667,4.31,1.3979
"furniture",6.56,4.89,2.8865
"gadget",5.52,4.6,2.0969
"gambler",4.416666667,4.03,2.3711
"game",4.518518519,4.5,4.0765
"gangster",4.36,3.93,2.4362
"garage",4.96,4.96,3.1427
"garb",4.541666667,4.19,1.2304
"garbage",4.96,4.69,3.1245
"garden",5.913043478,4.73,3.1319
"gardener",4.958333333,4.5,2.3324
"gardenia",4.476190476,4.88,1.0792
"garland",5.166666667,4.85,NA
"garlic",6.32,4.89,2.4871
"garment",5.826086957,4.78,1.8573
"garnets",4.65,4.12,0.699
"garter",4.904761905,4.78,1.8325
"gasket",4.846153846,4.44,1.5441
"gate",5.956521739,4.96,3.2135
"gatehouse",4.464285714,4.48,0.9542
"gatekeeper",4.44,4.21,NA
"gauze",5.88,4.62,1.8692
"gavel",4.545454545,4.88,1.6021
"gazebo",5.25,4.79,1.6721
"gear",4.695652174,4.28,2.9122
"gearbox",5.041666667,4.72,1
"gem",5.517241379,4.88,2.1038
"generator",4.47826087,4.23,2.4639
"genital",5.826086957,4.19,1.4472
"genitalia",5.64,4.69,1.5798
"genitals",6.130434783,4.96,1.8062
"gentleman",4.961538462,3.57,3.3296
"geranium",4.695652174,4.76,0.9542
"germ",4.333333333,3.89,1.8129
"giblets",4.714285714,4.58,1.1761
"gift",5.380952381,4.56,3.5173
"gin",5.074074074,4.46,2.7604
"ginger",5.32,4.92,2.5159
"gingerbread",5.48,4.88,1.5315
"gingersnap",4.703703704,4.76,0.301
"girdle",5.52173913,4.63,1.9031
"girl",5.52,4.85,4.4535
"girlfriend",5.730769231,4.25,3.5891
"glass",6.12,4.82,3.4909
"glassblower",4.52173913,4.33,0.301
"glasses",6.541666667,4.9,3.2279
"glassware",5.964285714,4.59,0.9031
"glider",4.5,4.32,1.5563
"glitter",4.434782609,4.43,2.0212
"globe",5.28,4.59,2.4265
"glue",5.043478261,4.65,2.4786
"glycerine",4.434782609,4,0.4771
"goalkeeper",4.458333333,4.5,1.2304
"goalpost",4.84,4.96,1.1461
"goat",4.8,5,2.7308
"goatee",4.375,4.89,1.7404
"goatskin",4.44,4.8,0.6021
"goblet",5.826086957,4.65,1.301
"goddaughter",5.04,3.72,1.2041
"godfather",5.043478261,4.14,NA
"godmother",5.19047619,3.72,1.9191
"godparent",5.260869565,4,0.699
"goggle",4.458333333,4.42,NA
"goggles",6.125,4.93,2.0334
"gold",4.75,4.81,3.605
"goldfish",4.739130435,4.79,2.1931
"goldsmith",4.375,4.73,NA
"golf",4.76,4.52,3.1149
"golfer",4.583333333,4.71,1.7559
"gondola",4.916666667,4.92,1.5798
"goose",5.260869565,4.81,2.8235
"gooseberry",5.041666667,4.7,1.1761
"goulash",4.846153846,4.2,1.6232
"gourd",5.208333333,4.86,1.3979
"gown",6.36,4.61,2.525
"gramophone",5.25,4.78,1.2304
"grandchild",5.24,4.26,1.8976
"granddaughter",5,4.37,2.5198
"grandfather",5.833333333,4.86,3.0941
"grandma",5.769230769,4.54,NA
"grandnephew",5.08,4.69,0.4771
"grandniece",4.708333333,4.54,0.4771
"grandpa",5.76,4.39,NA
"grandparent",5.56,4.03,1.1461
"grandson",5.785714286,4.3,2.6107
"granite",4.666666667,5,1.9138
"granny",5.083333333,4.24,NA
"grape",6.214285714,5,2.3118
"grapefruit",5.96,4.96,2.1038
"grapevine",4.869565217,4.69,1.6812
"graphite",4.590909091,4.58,1.3424
"grass",5.454545455,4.93,2.933
"grasshopper",NA,4.91,1.6812
"grater",4.92,4.52,0.9031
"grave",4.730769231,4.56,3.1274
"gravel",5.461538462,5,1.8692
"gravestone",4.875,4.72,1.2553
"graveyard",4.608695652,4.83,2.4362
"gravy",5.333333333,4.97,2.4314
"grease",4.666666667,4.61,2.5502
"greenback",4.904761905,4.05,0.301
"greenery",4.375,4.34,0.9031
"greenhouse",5.260869565,4.76,2.0531
"greens",4.5,4.1,2.0414
"grenade",5.2,4.9,2.3729
"greyhound",4.636363636,5,NA
"griddle",5.739130435,4.38,1.2788
"grill",5.72,4.86,2.3579
"grits",5.291666667,4.74,1.9138
"groceries",5.962962963,4.74,2.48
"grocery",5.068965517,4.31,2.4487
"groin",5.72,4.58,1.9685
"groom",5,4.54,2.6021
"ground",5.875,4.77,3.5678
"groundsman",4.333333333,4.19,0.301
"guard",5,4.04,3.4726
"guardhouse",4.28,4.67,1.5682
"guardrail",4.36,5,1.1761
"guardsman",4.481481481,4.64,0.9542
"guest",4.857142857,3.83,3.3092
"guesthouse",4.913043478,4.53,1.5911
"guestroom",4.538461538,4.44,0.699
"guidebook",5.791666667,4.83,1.5563
"guillotine",4.52173913,4.64,1.6335
"guitar",NA,4.9,2.9009
"guitarist",4.75,4.58,1.5682
"gum",6.36,4.89,2.8351
"gumbo",4.619047619,4.39,1.6628
"gumdrop",5.875,4.9,0.9542
"gun",6.12,4.83,4.0364
"gunfighter",4.52,4.34,1.8633
"gunnysack",4.666666667,4.52,0.7782
"gunpowder",4.96,4.79,1.9345
"guy",5.84,4.68,4.5899
"gym",4.958333333,4.83,2.9675
"gymnasium",4.464285714,4.81,1.8573
"gymnast",5,4.85,1.4914
"gynecologist",4.833333333,4.39,1.8633
"gyroscope",4.814814815,4.25,1
"hailstone",5,4.57,0.4771
"hair",6.318181818,4.97,3.8939
"hairbrush",6.48,4.75,1.5798
"hairdo",5.08,4.07,1.8261
"hairdresser",5.384615385,4.79,2.1038
"hairline",4.92,4.46,1.7993
"hairnet",5.458333333,4.96,1.1139
"hairpiece",5.956521739,4.82,1.301
"hairpin",6.125,4.83,1.2788
"hairstyle",4.68,3.9,1.5563
"hairstylist",5.041666667,4.79,0.9031
"hall",4.346153846,4.67,3.4232
"hallway",4.708333333,4.74,2.6884
"ham",5.541666667,4.9,2.7723
"hamburger",6.148148148,5,2.5999
"hammer",6.173913043,4.77,2.8041
"hammock",6.166666667,4.89,1.8573
"hamper",4.4,4.21,1.8633
"hamster",5.583333333,4.86,2.0414
"hamstring",5.08,4.72,1.0414
"hand",6.44,4.72,4.1542
"handbag",6,4.93,2.1303
"handball",5.75,4.48,1.4624
"handbook",5.782608696,4.64,1.7243
"handbrake",5.083333333,4.69,1
"handcart",5.6,4.67,0.699
"handclap",4.434782609,4.28,0.8451
"handclasp",4.681818182,4.22,0.6021
"handgun",5.761904762,5,1.8261
"handhold",5.045454545,3.91,0.6021
"handkerchief",5.72,5,2.3324
"handle",4.958333333,4.57,3.7427
"handlebar",5.384615385,4.76,1.0414
"handrail",5.227272727,4.72,0.8451
"handsaw",6.076923077,5,0.7782
"handshake",5.636363636,4.52,2.1931
"handwork",4.928571429,3.66,NA
"hanger",5.291666667,4.81,1.8451
"hangnail",5.814814815,4.71,1.2041
"hanky",4.481481481,4.76,1.6335
"hardcover",4.652173913,4.69,0.9542
"hardware",5.52,4.62,2.5428
"hardwood",5.076923077,4.4,1.5315
"harmonica",6.416666667,4.9,1.9542
"harness",4.4,4.14,2.1271
"harp",5.8,4.85,2.1303
"harpist",4.304347826,4.08,0.4771
"harpsichord",4.904761905,4.67,1.0792
"harvest",4.464285714,4,2.2923
"hashish",4.909090909,4.33,1.3802
"hat",6.44,4.88,3.5151
"hatband",5.16,4.38,0.301
"hatchback",4.818181818,4.48,0.9542
"hatchet",5.791666667,4.93,2.0043
"haystack",4.956521739,4.87,1.8513
"head",5.48,4.75,4.2776
"headboard",5.52,4.65,1.2041
"headdress",5.541666667,4.71,1.2041
"headgear",5.625,4.83,1.2304
"headlight",4.538461538,4.97,1.5798
"headmistress",4.555555556,4.56,1.2304
"headphones",6.083333333,4.79,1.9085
"headpiece",5.347826087,4.8,1.2304
"headrest",5.346153846,4.8,0.8451
"heads",4.28,4.63,3.3381
"headset",6,4.83,1.6335
"hearse",4.928571429,4.85,1.9138
"hedgehog",5.043478261,4.93,1.2041
"heel",4.666666667,4.86,2.5775
"helicopter",5.178571429,4.62,2.9069
"helmet",6.111111111,4.92,2.6848
"hen",4.652173913,4.9,2.2148
"herb",5.826086957,4.57,NA
"herbivore",4.363636364,4.08,0.8451
"heroin",4.423076923,4.57,2.7007
"herring",4.409090909,4.68,2.1847
"hibachi",4.666666667,4.14,0.9031
"hibiscus",4.952380952,4.48,0.7782
"hickory",4.357142857,4.34,NA
"hiker",5.260869565,4.53,1.1761
"hill",4.535714286,4.93,3.2824
"him",4.47826087,3.54,5.2497
"hinge",4.333333333,4.57,1.4771
"hip",5.086956522,4.21,2.896
"hippie",4.56,4.07,2.1461
"hitchhiker",4.375,4.83,1.7076
"hoe",5.545454545,4.74,1.6812
"hog",4.407407407,4.66,2.4183
"holder",4.28,3.74,1.9191
"holding",4.428571429,3.72,3.5479
"holster",4.68,4.59,2.0492
"home",5.434782609,4.11,4.5965
"homemaker",5.285714286,4.22,1.2553
"homework",5.32,4.5,3.012
"honey",5.434782609,4.88,4.1854
"honeycomb",4.695652174,4.72,1.3222
"honeydew",5.444444444,4.86,1.1761
"honeysuckle",5.375,4.48,1
"hood",5.44,4.88,2.8954
"hook",5,4.79,3.2876
"hookah",6.25,4.83,0.4771
"hookers",5.08,4.63,2.301
"hoop",5.296296296,4.74,2.1399
"horn",5.291666667,5,3.0318
"horse",5.88,5,3.6756
"horsefly",4.32,4.97,0.7782
"horseman",4.28,4.3,NA
"horseradish",5.24,4.81,1.415
"horseshoe",5.2,5,1.7243
"horsewhip",4.652173913,4.37,1.0792
"hose",5.565217391,4.87,2.6149
"hosiery",5.565217391,4.5,0.7782
"hostel",4.708333333,3.9,1.4771
"hostess",5.214285714,4.12,2.2788
"hotel",5.695652174,4.93,3.7214
"hotplate",5.230769231,4.7,0.7782
"hound",4.962962963,4.48,2.4116
"hourglass",4.583333333,4.93,1.699
"house",5.782608696,5,4.4185
"houseboat",4.956521739,4.74,1.6128
"houseboy",4.583333333,4.26,1.5682
"housecoat",5.653846154,4.89,0.8451
"housefly",4.541666667,4.96,1
"housekeeper",4.458333333,4.36,2.4757
"housemaid",4.84,4.52,1.1139
"housewife",5.2,4.43,2.2577
"hubcap",4.833333333,5,0.9031
"hug",4.652173913,4.14,2.9943
"human",5.666666667,4.93,3.8037
"hurdle",4.36,3.97,1.5798
"husband",6.041666667,4.11,3.9972
"husk",4.304347826,4.86,1.3424
"husky",4.892857143,3.59,NA
"hut",5.130434783,4.65,2.8293
"hutch",4.708333333,4.31,NA
"hypnotist",4.44,4.07,1.6232
"ice",5.458333333,4.89,3.6083
"iceboat",4.37037037,4.78,0.4771
"icebox",5.181818182,4.71,2.0969
"icepick",5.416666667,4.68,0.301
"icing",4.76,4.66,1.8573
"igloo",4.851851852,4.73,1.2041
"iguana",5.166666667,4.83,1.6128
"illustrator",4.48,3.76,1.1139
"incubator",4.291666667,4.65,1.716
"infant",6.038461538,4.93,2.3345
"ingredient",4.793103448,3.84,2.1271
"ingredients",4.958333333,4.16,2.0414
"ink",5.56,4.56,2.5832
"insect",5.125,4.89,2.2095
"insole",4.454545455,4.11,0.4771
"inspector",4.391304348,4.62,NA
"instructor",4.583333333,4.26,2.382
"instrument",5.739130435,4.27,2.617
"insulin",4.625,4.37,2.0334
"intercom",4.695652174,4.67,2.0334
"intern",4.791666667,3.86,2.3674
"interviewer",4.75,4.47,1.3617
"inventor",4.391304348,3.82,2.0719
"investigator",4.888888889,4.37,2.4942
"iron",5.538461538,4.59,2.9619
"item",5.739130435,4.41,2.7987
"jacket",6.333333333,4.86,3.2317
"jaguar",4.826086957,4.9,NA
"jam",5.173913043,4.71,2.8395
"jar",6.208333333,5,2.6284
"jasmine",4.32,4.55,NA
"javelin",5.833333333,4.9,1.3979
"jaw",5.5,4.87,2.5623
"jawbreaker",5.28,4.22,0.8451
"jean",5.956521739,4.69,NA
"jeans",6.44,5,2.5289
"jeep",5.409090909,4.8,2.7202
"jelly",5.48,4.93,2.5611
"jersey",5.8,4.56,NA
"jet",5.041666667,4.77,2.8585
"jewel",5.44,4.96,2.5682
"jeweler",4.695652174,4.61,1.7324
"jewelry",6.576923077,4.82,2.752
"jockstrap",5.739130435,4.97,1.3617
"jogger",5,4.68,1.3979
"joint",4.375,4.37,3.148
"journal",6,4.63,2.6571
"journalist",4.5,4.04,2.4942
"joystick",6.12,4.74,1.2041
"juice",5.739130435,4.89,3.1374
"jukebox",5.8,4.93,2.0682
"jumper",4.296296296,4.03,2.0719
"junk",4.962962963,3.88,2.8949
"jurist",4.380952381,3.96,1.1461
"juror",4.782608696,4.29,2.1206
"kale",5.652173913,4.81,1.4624
"kaleidoscope",5.84,4.79,1.2041
"kazoo",5.6,4.85,1.5051
"kebab",5.916666667,4.85,1.5051
"keepsake",4.75,3.89,1.5682
"keg",4.962962963,4.75,2.2455
"kelp",4.826086957,4.9,NA
"kerchief",5.666666667,4.85,1.301
"kernel",4.5,4.21,1.5563
"ketchup",6.304347826,5,2.4928
"kettle",5.44,4.75,2.1584
"kettledrum",4.916666667,4.9,0.4771
"key",6.28,4.89,3.6465
"keyboard",6.08,4.93,1.9685
"keyhole",5.44,4.63,1.7324
"kid",5.68,4.56,4.238
"kidney",4.68,4.96,2.6946
"kids",6.44,4.61,4.1863
"kiln",4.304347826,4.82,1.301
"kilt",5.04,4.71,1.5051
"kin",4.47826087,4.1,2.3404
"kindle",4.4,3.74,1
"kindling",4.583333333,3.76,1.4771
"kiss",4.571428571,4.48,3.791
"kissing",5.458333333,4.52,3.0755
"kit",4.739130435,4.47,2.9547
"kitchen",5.625,4.97,3.4735
"kitchenette",4.782608696,4.56,1.2304
"kite",5.8,5,2.0719
"kitten",6.4,4.86,2.3838
"kitty",6.043478261,4.97,NA
"kiwi",6.08,4.86,1.6128
"kleenex",6.043478261,4.92,NA
"knapsack",5.84,4.9,1.5315
"knee",5.818181818,5,2.8751
"kneecap",5.714285714,4.7,1.4771
"knickers",5.5,4.54,1.8195
"knitting",4.304347826,4.14,2.0645
"knob",5.888888889,4.75,2.1004
"knot",5.76,4.87,2.2765
"knuckle",5.76,4.93,1.8261
"knuckles",5.37037037,4.87,2.248
"kumquat",5.619047619,4.88,1.3979
"label",5.375,4.46,2.5465
"laboratory",4.739130435,4.46,2.5211
"labrador",5.074074074,4.35,NA
"lace",4.869565217,4.85,2.2788
"lad",4.36,4.28,2.8675
"ladder",NA,5,2.6749
"ladle",4.84,4.9,1.5911
"lady",5.32,4.33,4.0442
"ladybug",4.875,4.92,1.3222
"lager",4.695652174,4.64,1.415
"lake",5.035714286,4.88,3.2641
"lamb",4.444444444,4.97,2.7348
"lambskin",4.416666667,4.72,0.699
"lamp",6.083333333,4.97,2.8182
"lamplight",4.291666667,4.8,0.8451
"lamplighter",4.263157895,4.24,NA
"lampshade",5.296296296,4.82,1.1761
"lance",4.571428571,4.07,NA
"land",5.56,4.57,3.6527
"landlady",4.76,4.22,2.0294
"landscape",4.384615385,4.34,2.1072
"lantern",5.653846154,5,2.017
"lanyard",5.416666667,4.46,0.699
"lapdog",4.739130435,4.31,1.3424
"larvae",4.375,4.62,1.4771
"laryngoscope",4.411764706,4.48,1.1461
"lasso",5.555555556,4.74,1.6628
"latch",5.541666667,4.79,1.9956
"latex",5.086956522,4.77,1.8751
"latrine",6.333333333,4.62,2.1761
"laundry",6.208333333,4.93,2.9881
"lavatory",5.620689655,4.81,1.699
"lawn",5.695652174,4.93,2.8
"lawyer",4.625,4.7,3.6081
"laxative",5.206896552,4.07,1.6435
"leaf",NA,5,2.4249
"leaflet",5.956521739,4.31,0.4771
"leash",5.708333333,4.89,2.3424
"leather",5.576923077,4.82,2.8414
"leaves",5.846153846,4.78,3.3649
"ledge",4.541666667,4.72,2.2553
"ledger",4.583333333,4.36,1.7993
"leech",4.291666667,4.33,1.9542
"leftovers",5.625,4.48,2.1072
"leg",5.875,4.83,3.4598
"leggings",6.130434783,4.86,1.1461
"lei",5.058823529,4.83,NA
"lemon",6.08,5,2.7882
"lemonade",5.409090909,4.83,2.4502
"lens",5.115384615,4.64,2.3784
"leopard",5.260869565,5,2.4425
"leotard",5.363636364,4.74,1.3222
"lesion",4.481481481,4.38,1.4914
"letter",5.259259259,4.7,3.6247
"letterbox",4.56,4.6,0.4771
"lettuce",6.083333333,4.97,2.2405
"lever",5.038461538,4.77,2.2148
"library",4.391304348,4.8,3.0686
"lice",5,4.73,2.0414
"licence",4.76,4.57,2.4014
"lick",4.652173913,4.52,2.7482
"lid",5.428571429,4.96,2.4014
"lifeboat",5.333333333,4.48,1.8573
"lifebuoy",4.260869565,4.65,NA
"lifeguard",4.96,4.47,1.9345
"lighthouse",4.791666667,4.96,2.1987
"lilac",5,4.69,1.6021
"lilly",4.590909091,4.77,NA
"lily",4.884615385,4.69,NA
"limb",5.703703704,4.64,2.3784
"lime",5.52,4.96,2.2279
"limeade",4.75,4.44,0.7782
"limes",5.782608696,4.92,1.4624
"limestone",4.565217391,4.59,1.4472
"limousine",5.565217391,4.63,2.1614
"linen",5.875,4.8,2.1761
"lingerie",5.72,4.87,2.1614
"linoleum",4.62962963,4.85,1.4472
"lint",5.04,4.96,1.8388
"lip",5.52173913,4.96,2.7396
"lipstick",5.928571429,4.9,2.6532
"liqueur",5.666666667,4.64,1.4624
"liquid",5.260869565,4.72,2.5977
"liquor",5.961538462,4.73,2.946
"litter",5.034482759,4.47,2.3032
"liverwurst",4.708333333,4.61,1.3424
"livestock",5.041666667,4.7,2.0128
"lizard",4.925925926,4.68,2.3945
"llama",4.75,4.78,1.8633
"loaf",4.458333333,4.79,2.3598
"lobbyist",4.4,3.71,1.3617
"lobe",4.47826087,4.44,1.9823
"lobster",4.92,4.86,2.574
"lock",5.173913043,4.65,3.4603
"locker",5.538461538,4.67,2.9117
"locket",5.333333333,4.82,1.9445
"locksmith",4.8,4.54,1.7243
"lodge",4.833333333,4,2.534
"lodging",4.620689655,4.37,1.6435
"log",5.692307692,4.96,2.786
"logbook",5.565217391,4.54,1.2041
"loin",4.391304348,4.38,1.2788
"loincloth",4.833333333,4.88,1
"lollipop",6.48,4.96,1.9638
"longbow",5.285714286,4.96,0.9031
"loo",4.952380952,4.2,2.0864
"lotion",6.28,4.79,2.2227
"loudspeaker",4.625,4.82,1.6812
"lounge",4.714285714,3.96,2.6042
"lounger",4.692307692,4.04,0.6021
"lovebird",4.4,4.62,0.7782
"lozenge",5.4,4.59,0.9542
"lubricant",5.76,4.52,1.5563
"lubrication",4.333333333,3.62,1.1461
"luggage",5.304347826,4.83,2.7543
"lumber",5.217391304,4.56,2.1038
"lump",4.5,4.56,2.2601
"lunch",6.043478261,4.31,3.7252
"lunchroom",4.565217391,4.63,1.2553
"lyre",4.45,4.23,0.699
"macaroni",5.62962963,4.97,2.2227
"macaroon",4.346153846,4.96,NA
"mace",5.12,4.81,NA
"machete",5.791666667,4.82,1.7324
"machetes",5.260869565,4.63,0.9542
"machine",5.791666667,4.25,3.5544
"machinery",5.416666667,4.75,2.2742
"magazine",6.166666667,5,3.2289
"maggot",4.44,4.97,1.9138
"magician",4.5,4.21,2.5922
"magnet",5.615384615,4.7,2.1492
"magnolia",5.416666667,4.71,NA
"maid",4.458333333,4.64,3.0663
"maiden",4.44,4.24,2.4518
"maidservant",4.333333333,4.39,0.8451
"mail",6.125,4.69,3.2742
"mailbag",5.041666667,4.89,0.7782
"maize",5.416666667,4.58,1
"makeup",6,4.45,2.8982
"male",5.5,4.45,3.2385
"mall",4.36,4.83,2.9845
"mallard",4.772727273,4.27,NA
"mallet",5.56,4.93,1.5563
"mammal",5.291666667,4.59,1.7993
"man",5.346153846,4.79,4.9737
"mandolin",5.304347826,4.76,1.3979
"mango",6.24,5,1.9294
"manhole",4.72,4.7,1.5911
"manicure",4.730769231,4.39,2.0086
"manicurist",4.916666667,4.11,1.5051
"mannequin",4.48,4.53,1.7993
"mansion",4.52173913,4.89,2.5185
"mansions",4.260869565,4.46,1.5682
"mantel",5,4.64,1.5911
"mantelpiece",4.285714286,3.76,1.2788
"mantle",4.807692308,4.57,2.0453
"manure",4.708333333,4.64,2.0294
"manuscript",5.083333333,4.57,2.1399
"map",5.481481481,4.93,3.2106
"maple",4.32,4.46,2.2201
"marble",5.48,4.85,2.4265
"marbles",5.75,4.96,2.1931
"margarine",5.56,4.58,1.5185
"marigold",4.75,4.59,NA
"marijuana",6.04,4.89,2.4346
"marionette",4.333333333,4.63,0.9031
"marketeer",4.5,3.71,0.4771
"marksman",4.291666667,4.12,1.8751
"marmalade",6.041666667,4.83,1.7243
"marshmallow",6.173913043,4.85,1.8921
"mascara",5.703703704,4.93,1.8129
"mascot",4.32,4.2,1.9294
"mask",5.92,4.96,3.0048
"massage",4,4.18,2.7528
"massager",NA,4.6,1.2304
"masseur",5.6,4.39,1.3222
"masseuse",5.086956522,4.56,1.8633
"mastiff",5,4.69,0.8451
"masturbate",4.826086957,4.18,1.7993
"mat",5.814814815,4.83,2.2529
"match",4.565217391,4.14,3.4017
"matchbox",5.875,4.78,1.301
"matchstick",6.103448276,4.96,0.301
"matchwood",5.210526316,4.15,0.301
"mathematician",4.272727273,4.38,1.699
"matter",4.4,3.54,4.2765
"mattress",6.72,5,2.5289
"mayo",5.956521739,4.96,NA
"mayonnaise",5.523809524,4.9,2.0645
"mayor",4.28,4.37,3.203
"me",5.708333333,4.33,5.6733
"meadow",4.391304348,4.86,2.0682
"meal",5.958333333,4.62,3.1682
"meat",5.52173913,4.9,3.3477
"medal",5.608695652,4.89,2.7716
"medallion",5.541666667,4.68,1.8388
"medic",5.217391304,4.43,2.4654
"medication",6.28,4.53,2.8149
"medicine",5.692307692,4.79,3.2418
"medics",4.28,4.47,1.8261
"megaphone",6.2,4.76,1.2041
"melon",5.681818182,4.78,2.3404
"memo",5.04,4.25,2.5289
"memorabilia",4.434782609,4.15,1.415
"men",5.72,4.75,4.279
"mentor",4.347826087,3.7,2.2529
"menu",5.869565217,4.67,2.7067
"merchandise",5.833333333,4.52,2.3909
"merchant",4.5,4.31,2.1673
"merchantman",4.5,4.19,0.4771
"metal",5.130434783,4.87,2.9969
"metalworker",4.8,4.18,0.4771
"meteorologist",4.875,4.56,1.0792
"mice",5,4.84,2.5263
"microphone",6.043478261,4.88,2.3674
"microscope",NA,5,2.1139
"microwave",5.28,4.34,2.301
"midget",4.821428571,4.4,2.3729
"midshipman",4.352941176,4.54,NA
"midwife",5,4.56,1.4771
"milk",5.956521739,4.92,3.3365
"milkshake",6.4,4.97,1.6335
"mincemeat",5.083333333,4.36,1.3617
"minister",4.84,4.22,2.9741
"mink",4.904761905,4.58,2.2788
"minnow",4.416666667,4.84,1.1761
"mint",5.76,4.54,2.444
"mirror",6.086956522,4.97,3.0913
"mistletoe",4.592592593,4.85,1.9956
"mistress",5,4.22,2.7832
"mitt",6.08,4.76,1.8513
"mitten",6.041666667,4.89,NA
"mixer",5,4.33,1.7482
"moccasin",5.458333333,4.78,0.4771
"model",5.086956522,4.53,3.2138
"molasses",5,4.84,1.7243
"mommy",5.434782609,4.07,NA
"money",6.291666667,4.54,4.5143
"moneybags",5,3.85,NA
"mongoose",4.5,4.89,1.5315
"monk",5.173913043,4.35,2.5763
"monument",4.52,4.58,2.0719
"moonshine",5.260869565,4.46,1.699
"mop",6.192307692,4.97,2.3263
"morphine",5.32,4.5,2.5211
"morsel",4.833333333,4.19,1.5185
"mortician",4.833333333,4.3,1.5051
"mosquito",4.4,4.88,1.9731
"moss",4.565217391,4.9,NA
"motel",4.48,4.93,2.9675
"moth",4.84,4.69,2.0682
"mothball",5.12,4.62,0.7782
"mother",5.52,4.6,4.3888
"motor",4.92,4.84,2.8274
"motorbike",6.347826087,4.79,1.5911
"motorboat",5.304347826,4.93,1.4771
"motorcycle",5.555555556,4.97,2.659
"motorcyclist",4.52,4.79,1.1461
"motorist",5.12,4.72,1.415
"mountain",4.307692308,4.96,3.2567
"mountainside",4.708333333,4.48,1.1761
"mouse",5.24,4.83,2.9894
"mousetrap",4.916666667,5,1.4914
"mousse",5.260869565,4.83,1.7782
"moustache",5.347826087,4.96,2.2878
"mouth",6.304347826,4.74,3.7264
"mouthpiece",5.304347826,4.66,1.6812
"mouthwash",6.230769231,4.67,1.699
"mucous",5.04,4.17,1.3222
"mucus",4.88,4.76,1.4914
"mud",5.56,4.86,2.8791
"muffin",5.875,4.78,2.4742
"muffler",4.75,4.68,1.716
"mug",NA,4.8,2.5441
"mulberry",4.703703704,4.48,NA
"mulch",4.625,4.59,1.3617
"mule",4.318181818,5,2.5551
"mullet",4.518518519,4.78,1.4771
"mullets",4.304347826,4.72,0.4771
"mum",4.416666667,4.11,NA
"munitions",4.80952381,3.82,1.8129
"muscle",5.12,4.5,2.842
"museum",4.333333333,4.6,2.9745
"mushroom",5.333333333,4.83,2.0414
"musician",4.47826087,4.42,2.49
"musket",5.217391304,4.67,1.7076
"mustache",5.620689655,4.9,2.4031
"mustard",5.8,4.93,2.5185
"mutt",4.958333333,3.89,2.3075
"mutton",5,4.25,1.6128
"muzzle",4.391304348,4.59,1.9138
"myself",5.038461538,2.97,4.2423
"nail",5.541666667,4.93,2.9786
"nameplate",4.84,4.52,0.9031
"nanny",4.6,4.21,2.7259
"napkin",6.333333333,4.93,2.2672
"narcotics",4.956521739,4.59,2.42
"navel",5,4.71,1.8062
"neck",6.12,5,3.4823
"neckband",5.217391304,4.77,0.301
"neckerchief",5.347826087,4.5,0.4771
"necklace",5.821428571,4.96,2.6972
"necktie",6.043478261,4.96,1.7924
"neckwear",5.652173913,4.56,0.4771
"nectar",4.608695652,4.63,1.6812
"needle",5.739130435,4.93,2.7846
"needlepoint",4.576923077,4.48,1.4624
"needles",5.416666667,4.96,2.4216
"needlework",4.692307692,4.41,1.1761
"negligee",4.75,4.48,1.5798
"nephew",5.16,4.48,2.9279
"net",5.208333333,4.53,2.8998
"nettle",4.529411765,3.88,0.9542
"neurologist",4.384615385,4.1,1.716
"newlyweds",4.772727273,3.79,1.8751
"newsagent",4.333333333,4.41,0.301
"newsboy",4.869565217,4.42,1.1761
"newscaster",4.347826087,4.5,NA
"newsletter",5.826086957,4.66,1.6435
"newsman",4.285714286,4.26,1.3222
"newspaper",5.76,4.82,3.0824
"newspaperman",4.48,4.5,1.8692
"newsprint",4.260869565,4.62,0.9542
"newsreader",4.826086957,3.93,1.2553
"newsstand",5.458333333,4.71,1.7324
"newt",4.391304348,4.17,NA
"nickel",5.814814815,4.79,2.6355
"nightcaps",4.708333333,4.07,0.301
"nightclub",4.409090909,4.96,2.3766
"nightdress",5.791666667,4.62,0.699
"nightgown",5.92,4.9,2.0043
"nightie",5.62962963,4.3,1.5563
"nightlight",4.821428571,4.93,0.699
"nightshirt",6.291666667,5,1.0792
"nightstick",5.434782609,4.74,1.3424
"nipple",5.625,4.83,2.1614
"noodle",6.24,4.71,2.1732
"noodles",5.695652174,4.96,2.4914
"noose",4.708333333,4.52,2.0492
"nose",6,4.89,3.5512
"nostril",5.208333333,4.89,1.5563
"note",5.434782609,4.61,3.4365
"notepaper",5.392857143,4.78,0.4771
"novel",5.4,4.21,2.711
"nugget",4.826086957,4.45,1.7853
"nun",4.666666667,4.92,2.5514
"nurse",5.130434783,4.39,3.3608
"nursemaid",4.583333333,4.5,1.4624
"nursery",4.875,4.48,2.3181
"nut",5.555555556,4.52,2.902
"nutcracker",5.36,4.81,1.5682
"nutcrackers",5.347826087,4.77,0.699
"nutmeg",4.608695652,4.69,1.5682
"nutshell",4.375,4.29,1.6902
"nylon",4.928571429,4.7,1.8451
"oar",5.307692308,4.84,1.6335
"oat",4.8,5,1.4472
"object",6.416666667,3.66,3.1189
"obstetrician",5.04,4.31,1.1461
"ocean",5.217391304,4.86,3.1892
"oceanographer",4.44,3.97,0.699
"offspring",4.913043478,3.93,2.1173
"oilcan",4.782608696,4.62,0.8451
"oilcloth",5.125,4.4,0.301
"ointment",5.869565217,4.5,1.9243
"okra",5.269230769,4.78,1.4314
"olive",6.173913043,4.9,NA
"omelet",5.6,4.93,2.0864
"omelette",6.291666667,4.74,1.7924
"onion",5.476190476,4.86,2.3365
"opal",4.6,4.42,NA
"ophthalmologist",4.423076923,4.32,1.1761
"opium",4.269230769,4.56,2.0607
"optician",4.851851852,4.68,0.699
"orange",5.08,4.66,3.0565
"orangutan",4.666666667,4.81,1.4771
"orchard",4.333333333,4.75,1.9956
"orchid",4.68,4.92,2.0453
"ore",4.375,4.48,1.9294
"oregano",5.64,4.81,1.6335
"organ",5.185185185,4.77,2.5694
"organism",4.727272727,4.16,2.0212
"orgy",4.782608696,3.67,1.9445
"ornament",6.181818182,4.04,1.7709
"orphan",5.259259259,4.04,2.4683
"orthodontist",4.916666667,4.43,1.415
"ottoman",5.833333333,4.9,1.2304
"outfielder",4.6,4.67,0.7782
"outfit",6.130434783,4.12,3.1075
"outhouse",4.64,4.89,1.5911
"outlet",4.541666667,4.31,2.0128
"oven",5.923076923,4.97,2.6571
"overcoat",6.52,4.5,1.8751
"oxtail",4.444444444,4.5,0.301
"oyster",5.407407407,4.85,2.1959
"pacemaker",4.363636364,4.68,1.5911
"pacifier",6.090909091,4.61,1.3222
"package",5.75,4.72,3.0656
"packaging",5.038461538,4.44,1.6435
"packet",4.52173913,4.46,2.1106
"pad",5.217391304,4.43,2.6191
"padding",4.925925926,4.52,1.699
"paddle",5.68,4.8,2.2833
"padlock",6.08,4.92,1.5563
"page",4.96,4.9,3.2817
"pail",4.772727273,4.93,1.6902
"painkiller",5.518518519,4.18,1.4472
"paint",5.090909091,4.79,3.2737
"paintbox",4.44,4.65,0.7782
"paintbrush",5.56,4.79,1.4472
"pajama",5.962962963,4.85,1.8195
"pajamas",6.222222222,4.73,2.4742
"pal",4.333333333,3.93,3.4681
"pallet",4.36,4.59,1.3424
"palm",5.44,4.83,2.8299
"pamphlet",5.565217391,4.61,1.7853
"pan",6.409090909,4.86,2.798
"panhandler",4.92,4,1.1761
"pantaloons",4.695652174,4.79,1.0792
"panties",5.791666667,4.9,2.618
"pantry",5.260869565,4.67,1.9542
"pants",6.333333333,4.86,3.4767
"paper",5.695652174,4.93,3.722
"paperback",5.090909091,4.57,1.3802
"paperhanger",4.625,4.04,0.9542
"paperweight",5.291666667,4.78,1.3424
"paperwork",5.625,4.63,2.7259
"paprika",4.428571429,5,1.6232
"parachute",4.68,4.78,2.2122
"parachutist",4.6,4.3,0.9542
"parakeet",5.12,4.9,1.7482
"paraphernalia",4.5,3.67,1.5051
"paratrooper",4.291666667,4.89,1.2304
"parcel",5.583333333,4.81,1.8573
"parchment",4.681818182,4.48,1.6021
"parent",5.04,4.56,2.8267
"parka",5.875,4.65,1.5051
"parsley",5.434782609,4.77,1.6435
"parsnip",5.666666667,4.85,0.699
"partner",5.230769231,3.53,3.584
"passenger",5.08,4.34,2.7404
"passerby",4.44,4.04,0.9542
"passionflower",4.782608696,4.72,NA
"passport",5,5,2.7284
"pasta",5.72,4.86,2.3365
"pastrami",5.142857143,4.74,1.699
"pastry",6.086956522,4.97,1.9956
"path",4.37037037,4.41,3.098
"patrolman",4.814814815,4.67,1.7993
"paw",5,4.3,2.2041
"pea",5.777777778,4.9,2.301
"peach",5.88,4.9,2.5119
"peacock",4.8,5,NA
"peanut",6.192307692,4.89,2.8
"peanuts",6.12,4.9,2.5866
"pear",5.72,4.93,1.8388
"pearl",5.555555556,4.87,NA
"peashooter",4.84,4.28,0.6021
"pebble",5.47826087,4.86,1.8195
"pecan",5.5,4.87,1.6902
"pedal",5.04,4.44,2.0212
"pedestal",4.88,4.48,1.8325
"pedestrian",4.962962963,4.41,1.8573
"pedicurist",5.137931034,4.04,0.4771
"pedometer",5.681818182,4.93,0.301
"peel",4.458333333,4.61,2.4378
"peelings",4.652173913,4.27,0.7782
"peephole",4.875,4.74,1.3979
"peg",4.391304348,4.93,NA
"pegboard",5.04,4.93,0.301
"pellet",4.296296296,4.56,1.8325
"pelvis",5.72,4.93,2.017
"pen",6.64,4.92,3.1011
"pencil",5.869565217,4.88,2.7024
"pendant",5.791666667,4.75,1.6721
"penknife",5.833333333,4.83,0.9542
"pennant",5.153846154,4.37,1.5911
"penny",6.448275862,4.83,3.0934
"penthouse",4.333333333,4.36,2.3655
"peony",4.333333333,4.48,0.4771
"people",6.076923077,4.82,4.7501
"pepper",5.875,4.59,2.6532
"peppercorn",5.181818182,4.89,0.8451
"peppermint",5.391304348,4.43,1.8573
"pepperoni",5.875,5,2.1206
"percolator",5.1,4.39,0.699
"perfume",4.96,4.66,2.7664
"periscope",4.653846154,4.78,1.8513
"peroxide",4.555555556,4.93,1.7482
"persimmon",4.611111111,4.74,0.699
"person",6.12,4.72,4.0357
"perspiration",4.826086957,4.81,1.4472
"pet",6.214285714,4.71,3.0128
"petal",5.75,4.57,1.6628
"petroleum",4.333333333,4.69,1.8129
"petticoat",5.454545455,4.68,1.6128
"pew",4.666666667,3.92,1.7324
"phalanges",4.35,4.61,1.2553
"pharmacist",5.041666667,4.03,1.8976
"pharmacy",5.083333333,4.78,2.2455
"phone",6.5,4.86,4.1385
"phonograph",4.423076923,4.59,1.7559
"photocopier",6.12,4.72,0.4771
"photocopy",4.260869565,4.5,1.2041
"photograph",5.875,4.89,2.7634
"physician",5.12,4.65,2.4969
"physiologist",4.75,4.25,0.7782
"piano",6.166666667,4.9,3.1035
"piccolo",4.956521739,4.71,NA
"pickaxe",5.333333333,4.93,0.9542
"pickle",5.730769231,4.64,2.3729
"picnicker",4.458333333,4.32,0.301
"picture",5.32,4.52,3.8489
"picture frame",NA,4.61,NA
"pie",5.869565217,4.92,3.1664
"piercing",5,4.15,1.8513
"pig",4.56,5,3.3004
"piglet",4.68,4.93,NA
"pigtail",4.958333333,4.67,0.9542
"pike",4.590909091,4.25,NA
"pilaf",4.7,4.2,1.0414
"pill",6.36,4.72,2.781
"pillar",5.041666667,4.77,1.9138
"pillow",6.391304348,5,2.7649
"pillowcase",5.92,4.93,1.5315
"pilot",4.52173913,4.67,3.1339
"pimento",4.769230769,4.64,0.699
"pimple",5.72,4.77,1.9345
"pin",5.88,4.92,2.9222
"pinball",5.782608696,4.48,1.8976
"pincushion",5.260869565,4.69,1
"pine",4.347826087,4.37,2.5011
"pineapple",6.304347826,4.94,2.1173
"pinecone",5.821428571,4.85,NA
"pinewood",4.541666667,4.74,NA
"pinkie",5.260869565,4.39,1.9345
"pinwheel",5.8,4.66,0.9031
"pipe",5.653846154,4.88,2.9956
"piss",4.769230769,4.73,3.0806
"pistachio",5.541666667,4.93,NA
"pistol",5.260869565,4.89,2.711
"pitcher",5.259259259,4.93,2.2201
"pitchfork",5.681818182,5,1.5563
"pizza",6.541666667,5,3.233
"placard",4.458333333,4.46,0.8451
"placenta",4.28,4.79,1.3979
"plaintiff",4.375,3.9,2.2742
"plane",5.458333333,4.92,3.6878
"plank",4.92,5,2.0212
"planner",4.916666667,3.61,1.9243
"plant",5.652173913,4.76,3.1489
"plantain",5.409090909,4.42,0.301
"planter",4.666666667,4.61,1.5185
"plaque",4.52,4.7,2.0294
"plaster",4.4,4.59,2.1303
"plastic",5.04,4.79,2.9814
"plastics",5,4.58,1.7243
"plate",5.590909091,4.77,3.1169
"platform",NA,4.48,2.4969
"platter",5.75,4.93,2.1761
"player",4.72,4.15,3.2849
"playground",4.695652174,4.77,2.4166
"playhouse",4.869565217,4.72,1.5315
"playroom",4.52,4.71,1.6232
"playsuit",5.36,3.96,0.301
"plaything",4.92,3.68,1.415
"playwright",4.28,3.56,1.8633
"plexiglas",5.041666667,4.8,NA
"pliers",6.086956522,4.93,1.7782
"plow",5,4.46,1.9868
"plug",5.875,4.64,2.7259
"plum",5.62962963,4.85,2.243
"plumber",4.44,4.63,2.3617
"plywood",4.807692308,4.82,1.3802
"pocket",5.407407407,4.68,3.2605
"pocketbook",5.884615385,5,1.8865
"pocketknife",5.692307692,4.93,1.2553
"podiatrist",4.791666667,4.63,1.0414
"poet",4.565217391,4.36,2.673
"poinsettia",5.347826087,4.92,0.6021
"poker",4.590909091,4.2,2.9138
"pole",5.32,4.66,2.8082
"police",4.739130435,4.79,4.0808
"policeman",5.428571429,4.93,2.7774
"policewoman",4.904761905,4.89,1.3802
"politician",4.409090909,4.33,2.2253
"polyester",5.086956522,4.12,1.8062
"pomegranate",5.391304348,4.86,1.1461
"pompom",5.16,4.68,0.9031
"poncho",5.458333333,4.97,1.6532
"pond",4.5,4.9,2.5105
"pony",5.375,4.9,2.617
"pooch",5.045454545,4.32,1.8261
"poodle",5.652173913,4.89,2.1644
"pool",6.041666667,4.77,3.3797
"poop",5.88,4.83,2.4564
"popcorn",6,5,2.6684
"porch",4.44,4.92,2.692
"pork",4.916666667,4.79,2.7308
"porridge",4.80952381,4.89,1.6335
"portfolio",4.8,4,2.0212
"portrait",4.272727273,4.9,2.444
"postage",4.32,4.37,1.6902
"postcard",5.76,4.93,2.3263
"poster",5.583333333,4.66,2.4857
"postman",4.913043478,4.74,2.1106
"postmaster",5.2,4.59,1.2553
"pot",6.16,4.81,3.0607
"potato",5.6,4.85,2.7612
"potboiler",4.84,4.16,0.301
"potpourri",5.333333333,4.59,1.3979
"pottery",5.458333333,4.72,1.9777
"potty",5.037037037,4.12,1.9395
"pouch",5.178571429,4.5,1.9445
"poultry",4.826086957,4.72,1.716
"powder",5.416666667,4.76,2.9133
"powderpuff",4.923076923,4.35,NA
"powerboat",5.782608696,4.76,0.699
"practitioner",4.5,3.89,1.6435
"prankster",4.642857143,3.59,1.0792
"preschooler",4.409090909,4.33,0.4771
"present",4.32,3.39,3.6593
"pretzel",6.04,4.74,2.0128
"priest",4.56,4.77,3.1261
"primate",4.375,4.5,1.5563
"primates",4.956521739,4.5,1.5315
"primrose",4.368421053,4.08,1.3222
"printout",5.2,4.53,1.5563
"prisoner",4.307692308,4.11,3.0722
"privates",4.681818182,3.78,1.7076
"prize",4.916666667,4.45,3.058
"produce",5.565217391,3.31,2.752
"programmer",4.695652174,3.86,1.7559
"projector",5.086956522,4.64,1.7993
"proofreader",4.36,3.82,0.301
"prop",5.125,4.46,2.2765
"propeller",4.36,4.9,1.8976
"proprietor",4.884615385,4.24,1.7853
"props",5.260869565,4.26,2.1847
"prosecutor",4.64,4.24,2.5647
"prosthesis",4.689655172,4.19,1
"prostitute",5,4.28,2.5866
"protester",4.8,3.96,1.0414
"protractor",5.434782609,4,0.6021
"prune",5.074074074,4.7,1.8808
"pub",4.666666667,4.71,2.281
"publication",4.48,4.41,1.959
"publisher",4.44,4.24,2.3636
"puck",4.608695652,4.5,2.1703
"pudding",5.958333333,4.9,2.4983
"puddle",5,4.67,2
"pug",5.965517241,4.62,NA
"puke",4.5,4.59,2.5051
"pulley",5.208333333,4.74,1.3617
"pullover",4.56,4.32,1.1461
"pulp",5.208333333,4.3,1.9731
"pumice",4.857142857,3.85,0.9031
"pump",4.347826087,4.31,2.8102
"pumpernickel",5.130434783,4.77,NA
"pumpkin",5.708333333,4.9,2.7435
"punchbowl",5.25,4.85,1
"punter",4.464285714,4.07,0.7782
"pup",5.44,4.61,2.2175
"pupil",4.8,4.55,2.2068
"puppet",5.739130435,4.64,2.4472
"puppy",6.25,4.78,2.7672
"purse",6.291666667,4.9,3.0039
"pushcart",5.272727273,4.25,1.2553
"putty",5,4.48,NA
"puzzle",5.44,4.75,2.574
"quadriceps",4.5,4.36,0.699
"quarter",5.333333333,4.43,3.1232
"quarterback",4.346153846,4.61,2.3874
"quarters",5.909090909,4.57,2.9165
"questionnaire",4.461538462,4.24,1.6128
"quiche",5.727272727,4.53,1.6435
"quill",4.565217391,5,NA
"quilt",5.826086957,5,1.6021
"rabbit",5,4.93,3.029
"racehorse",5.208333333,4.83,1.7782
"rack",4.68,4.48,2.5999
"racket",5.24,4.26,2.5798
"radiator",5.217391304,4.78,2.017
"radio",5.291666667,4.74,3.5952
"radiologist",4.913043478,4.52,1.3222
"radish",5.846153846,4.87,1.5051
"raft",5.36,5,2.382
"rag",5.666666667,4.67,2.3892
"rail",5.517241379,4.9,2.3692
"railroad",4.333333333,5,2.8028
"rain",4.958333333,4.97,3.3971
"raincoat",5.954545455,5,1.9294
"raindrop",5.208333333,4.89,1.1139
"rainfall",4.88,4.93,1.2553
"rainwater",5.407407407,4.64,1.0792
"raisin",5.64,4.97,1.9243
"rake",6.136363636,4.84,2.1847
"ramp",4.666666667,4.69,2.1703
"rancher",4.68,4.83,1.6812
"raspberry",5.884615385,4.93,1.9868
"rat",4.608695652,4.85,3.2212
"rattle",4.409090909,4.07,2.238
"rawhide",4.541666667,4.35,NA
"razor",6.12,4.9,2.5465
"receipt",5.28,4.86,2.5798
"receipts",5.04,4.52,2.248
"receptacle",4.863636364,4.58,1.3617
"receptionist",4.68,4.36,1.9912
"record",4.75,4.15,3.6401
"recorder",5.8,4.43,2.4031
"recruiter",4.347826087,4,1.5563
"rectum",5.041666667,4.92,1.415
"reefer",4.52173913,4.54,1.699
"refrigerator",5.851851852,5,2.6314
"reindeer",4.5,4.7,2.238
"remote",4.357142857,3.44,2.8537
"repairer",4.583333333,4.29,NA
"reptile",5,4.47,1.8633
"residence",4.333333333,4.34,2.6253
"respirator",4.923076923,4.56,1.5798
"restaurant",5.275862069,4.89,3.3755
"retriever",4.96,4.15,1.5911
"revolver",5.555555556,4.69,2.1523
"rhinestone",5.291666667,4.82,1.5185
"rhubarb",5.260869565,4.86,1.7482
"rib",5.92,4.9,2.48
"ribbon",6.375,4.89,2.4133
"rice",6.291666667,4.86,2.8865
"rickshaw",4.304347826,4.62,1.4914
"rifle",5.958333333,4.85,2.8716
"rind",5.130434783,4.48,1.1761
"ring",6.130434783,4.81,3.675
"rink",4.333333333,4.56,2.0414
"river",4.64,4.89,3.4518
"riverbank",4.64,4.68,1.5441
"riverboat",5.52,4.9,1.3222
"roach",4.708333333,4.96,2.1335
"road",5.896551724,4.75,3.7566
"roadster",4.96,4.35,1.2788
"roadway",4.565217391,4.67,1.0792
"roast",4.821428571,4.4,2.699
"robber",4.464285714,4.31,2.3802
"robe",5.909090909,5,2.6375
"robot",NA,4.65,2.7938
"rock",5.48,4.91,3.643
"rocker",5.04,4.31,1.8129
"rod",4.454545455,4.43,2.7388
"rodent",5.041666667,4.7,1.9685
"roll",4.44,4.16,3.5089
"rook",4.772727273,4.38,NA
"roommate",5.16,4.52,2.7649
"roosters",4.6,4.93,1.2304
"root",4.583333333,4.34,2.7284
"rope",6.2,4.93,3.0641
"rosary",5.791666667,4.63,1.7924
"rose",5.76,4.9,NA
"rosebush",5.333333333,4.69,0.7782
"rosemary",5.379310345,4.68,NA
"rosewater",5.25,4.58,0.4771
"rotisserie",4.791666667,4.23,1
"rowboat",5.375,4.81,1.7404
"rubber",5.304347826,4.86,2.8543
"rubbish",4.666666667,3.64,2.4564
"ruby",4.76,4.77,NA
"rucksack",5.041666667,4.14,0.9542
"rug",6.173913043,4.79,2.7259
"ruler",5.25,4.66,2.2122
"rum",5.64,4.93,2.5832
"runner",4.608695652,4.86,2.4048
"rupee",4.826086957,4.68,0.4771
"rye",4.407407407,4.74,2.3284
"sack",5.083333333,4.84,2.8195
"sackcloth",4.913043478,4.65,0.9542
"saddle",4.954545455,4.85,2.6021
"saddlebag",5.409090909,4.88,1.1461
"saffron",4.666666667,4.44,1.5051
"sage",4.375,4.54,1.9542
"sailboat",NA,4.89,1.9191
"sailcloth",4.454545455,4.39,0.4771
"salad",6.111111111,4.97,2.939
"salamander",4.714285714,4.7,0.9542
"salesgirl",4.769230769,4.46,1.3424
"saleslady",4.28,4.65,0.9542
"salesman",4.84,4.81,2.7267
"saleswoman",4.608695652,4.8,1.2041
"salmon",4.454545455,4.81,2.525
"saloon",NA,4.68,2.42
"saloonkeeper",4.541666667,4.68,0.301
"salt",5.260869565,4.89,2.9983
"saltshaker",6,4.96,0.8451
"saltwater",5.192307692,4.77,1.5051
"salve",4.692307692,4,1.4771
"sand",5.956521739,5,3.0154
"sandalwood",4.36,4.71,1.1461
"sandbag",5.25,4.68,1.301
"sandbank",4.52,4.83,0.4771
"sandbox",5.777777778,4.86,1.7404
"sandcastle",5.095238095,4.96,0.699
"sandpaper",5.913043478,4.85,1.3617
"sandwich",6.333333333,4.9,3.0488
"sangria",4.863636364,4.45,0.9542
"sapling",4.304347826,4.52,1
"sapphire",5.125,4.76,1.7924
"sardine",4.869565217,5,1.6721
"sarong",5.357142857,4.5,0.9031
"sash",4.916666667,4.67,1.7709
"satchel",5.583333333,4.73,1.8808
"satin",5.125,4.57,2.1271
"sauce",5.130434783,4.75,2.9009
"saucepan",6,4.67,0.9542
"saucer",5.777777778,4.79,2.1492
"sauerkraut",5.148148148,4.54,1.716
"sauna",5.363636364,4.68,1.8451
"sausage",6.48,4.88,2.5999
"saw",4.76,4.46,4.3123
"sawdust",4.4,4.93,1.4914
"sawhorse",5.125,4.78,0.301
"sax",5.045454545,4.64,1.8129
"saxophone",6.222222222,5,1.9395
"scab",4.958333333,4.71,1.5185
"scale",5.652173913,4.39,2.6866
"scallion",5.173913043,4.72,0.9542
"scallop",5.48,4.61,1
"scalp",5.25,4.82,2.2765
"scalpel",5.545454545,4.86,2.2095
"scanner",5.444444444,4.79,2.179
"scapula",4.684210526,4.08,1.1761
"scar",4.608695652,4.74,2.6365
"scarecrow",5,4.68,1.9542
"scarf",6.434782609,4.97,2.3802
"school",5.16,4.79,4.2302
"schoolboy",4.92,4.5,1.8325
"schoolgirl",4.625,4.66,1.9868
"schoolhouse",5.291666667,4.86,1.7634
"schoolwork",4.5,4.1,1.699
"scientist",4.47826087,4.24,2.7938
"scissor",6.173913043,4.9,1.2788
"scissors",6.291666667,4.85,2.534
"scoop",4.28,4.15,2.4624
"scooter",5.913043478,4.96,2.1461
"scorecard",4.875,4.61,0.9542
"scorpion",4.32,4.84,2.1367
"scotch",5.4,4.55,NA
"scrapbook",5.84,4.76,1.7924
"scraper",5.12,4.23,0.7782
"scratches",4.4,4.59,2.0934
"screen",5.041666667,4.6,3.077
"screw",5.708333333,4.81,3.2817
"screwdriver",6.52173913,4.9,2.1106
"scribbling",4.814814815,4.1,1.4914
"script",5.041666667,4.72,3.0004
"scrotum",5.291666667,4.87,1.4771
"scrubber",4.32,4.52,1.1461
"sculpture",5.782608696,4.79,2.2041
"scythe",4.727272727,4.29,1.2304
"sea",4.653846154,4.79,3.4847
"seam",4.44,4.5,1.5315
"seamstress",4.4,4.43,1.4472
"seaplane",4.333333333,4.75,1.0792
"searchlight",4.391304348,4.63,1.3617
"seashore",4.44,4.63,1.3979
"seasoning",4.47826087,4.67,1.4472
"seat",6.416666667,4.78,3.6041
"seating",4.84,4.29,2.0414
"seawater",4.961538462,4.41,1.3802
"seaweed",4.458333333,4.89,1.9494
"secretary",5.2,4.54,3.2292
"sedan",5.565217391,4.72,1.959
"sedative",4.416666667,4.56,2.1173
"seed",5.185185185,4.71,2.5877
"seedling",5.083333333,4.56,0.7782
"semen",5.269230769,4.79,2.3054
"senorita",4.391304348,4.18,1.5682
"sequin",4.923076923,4.24,0.9031
"servant",4.782608696,4.64,2.7924
"serviceman",4.8,4.57,0.9542
"sesame",4.652173913,4.5,1.8976
"sex",5.16,4.1,3.89
"shack",5.125,4.93,2.4609
"shaker",4.36,4.11,1.9138
"shallot",5.380952381,4.59,0.4771
"shampoo",6,4.68,2.3345
"shamrock",4.5,4.89,NA
"shank",4.565217391,4.18,1.8451
"sharpener",4.785714286,4.64,1.2553
"shaving",5.535714286,4.63,2.4757
"shavings",4.6,4.5,1.3424
"shawl",5.76,5,1.8513
"shed",4.333333333,4.55,2.749
"sheep",4.5,4.9,2.8363
"sheepdog",5.375,4.72,1.4472
"sheepskin",4.928571429,4.78,1.1761
"sheet",5.708333333,4.93,2.7731
"shelf",4.782608696,4.96,2.5514
"shell",5.291666667,4.8,2.8293
"shellfish",5.76,4.53,1.7076
"shelter",5.269230769,4.64,2.7752
"shelving",5.47826087,4.67,1.1139
"sherbet",5.916666667,4.83,1.4771
"shield",5.037037037,4.66,2.6222
"shin",5.592592593,4.86,NA
"shinbone",4.826086957,4.8,NA
"shingle",4.625,4.82,1.5911
"shingles",4.64,4.47,1.5315
"ship",5.2,4.87,3.7028
"shipman",4.407407407,3.92,NA
"shipmate",4.72,4.52,1.2553
"shirt",NA,4.94,3.374
"shirtsleeve",6.125,4.64,0.301
"shirttail",5.333333333,4.78,1.2041
"shoe",6.458333333,4.97,3.1906
"shoehorn",5.75,4.57,1.1461
"shoelace",6.16,5,1.5911
"shoestring",6.36,4.87,1.1461
"shopkeeper",4.555555556,4.43,1.3222
"shopper",4.541666667,4.44,1.5315
"shore",4.333333333,4.79,NA
"shortbread",5.416666667,4.56,1.0414
"shortcake",5.846153846,4.41,1.4314
"shorts",6.04,4.82,2.6821
"shot",4.392857143,4.44,4.0645
"shotgun",5.826086957,4.96,2.7101
"shoulder",5.869565217,4.93,3.1261
"shovel",5.925925926,4.97,2.5441
"shower",5.391304348,4.89,3.3218
"showerhead",5.041666667,4.93,1
"shrimp",4.909090909,4.8,2.6484
"shrine",4.555555556,4.47,2.1818
"shrub",5.259259259,4.92,1.1761
"shrubbery",4.653846154,4.89,1.2788
"shuffleboard",5.130434783,4.74,1.3222
"shutter",4.541666667,4.38,1.8751
"shuttle",4.695652174,4.63,2.4518
"sibling",5.04,4.37,1.699
"sideboard",5.222222222,4.42,1.1461
"sideburns",5.166666667,4.96,1.7782
"sidecar",4.347826087,4.82,1.4914
"sidewalk",5.291666667,4.96,2.4472
"sifter",4.782608696,4.64,0.7782
"sign",4.666666667,4.62,3.8324
"signpost",5.25,4.63,1.2304
"silk",4.8,4.7,2.699
"silkworm",5.208333333,4.62,0.6021
"silverware",6.24,4.66,2.0414
"singer",4.821428571,4.62,2.9036
"sink",5.48,4.74,2.9365
"sirloin",5.32,4.66,1.5051
"sister",4.8,4,3.9642
"sixpence",4.380952381,4.45,1.4914
"skate",4.913043478,4.56,2.48
"skateboard",6.04,4.86,1.9345
"skateboarder",4.739130435,4.82,1
"skeleton",4.347826087,4.97,2.4183
"sketch",4.88,4.56,2.4031
"sketchbook",5.833333333,4.79,1.0414
"sketchpad",5.36,4.86,0.301
"skewer",4.5,4.46,1.3424
"ski",5.52,4.63,2.617
"skillet",5.409090909,4.73,1.7993
"skin",6.16,4.79,3.3516
"skirt",6.041666667,4.82,2.7067
"skittle",5,4.12,NA
"skittles",5.24,4.93,NA
"skullcap",4.962962963,4.54,0.7782
"slacks",6.103448276,4.57,1.7559
"slaw",4.8,4.64,1.2553
"sled",6.086956522,5,2.1761
"sledge",4.380952381,4.11,1.3979
"sledgehammer",5.916666667,4.89,1.6628
"sleeve",NA,4.84,2.4579
"sleigh",4.84,4.71,2.2253
"slide",5.130434783,4.48,2.959
"slime",4.37037037,4.48,2.1523
"sling",4.909090909,4.52,2.0719
"slingshot",5.4,4.87,1.8573
"slipcover",5.409090909,4.69,0.4771
"slipknot",4.84,4.68,0.9031
"slipper",6.166666667,4.86,2.0569
"slug",4.434782609,4.64,2.4048
"slush",4.541666667,4.04,1.4624
"slut",4.652173913,3.19,2.7634
"smock",5.08,4.78,1.415
"smooch",4.32,4.21,1.3979
"smoothie",6.041666667,4.62,1.5798
"smuggler",4.481481481,4.31,1.7993
"snack",6.142857143,4.36,2.6693
"snail",4.52173913,4.93,1.959
"sneaker",6.48,4.69,1.5563
"snorkel",4.814814815,4.56,1.5051
"snot",5.32,4.48,2.0374
"snow",5.538461538,4.85,3.2041
"snowball",5.5,4.93,1.8573
"snowdrift",4.304347826,4.78,1
"snowfall",4.347826087,4.66,1.3222
"snowflake",5,4.76,NA
"snowman",4.916666667,4.64,1.9912
"snowshoe",5.541666667,4.67,0.4771
"soap",6.434782609,4.93,2.8899
"soccer",4.64,4.76,2.8069
"sock",5.833333333,4.91,2.6618
"socket",5.24,4.32,1.9191
"sod",5.086956522,4.62,1.9777
"soda",6.47826087,4.97,3.0056
"sofa",6.608695652,4.9,2.4771
"softball",5.75,4.89,2.0645
"soil",5.703703704,4.87,2.5999
"soldier",4.56,4.72,3.298
"soles",4.913043478,4.17,1.6812
"solicitor",4.875,3.92,1.6628
"sombrero",5.518518519,4.7,1.1761
"someone",4.625,3.71,4.357
"son",5.875,4.14,4.3212
"songbook",5.76,4.63,0.6021
"souffle",5.571428571,4.57,1.3617
"soup",5.576923077,4.72,3.1092
"sourdough",5.12,4.66,1.2553
"southerner",5.045454545,3.67,NA
"soy",4.785714286,4.7,2.0755
"soybean",5.2,4.82,1.415
"spacesuit",4.814814815,4.96,0.8451
"spade",4.4,4.46,NA
"spareribs",4.869565217,4.76,1.3617
"spatula",5.708333333,4.96,1.7559
"speakers",4.92,4.93,2.0043
"spear",5.208333333,5,2.3674
"spectacles",5.28,4.56,1.6335
"spectroscope",4.9,4,0.4771
"speedboat",5.434782609,4.87,1.4472
"sphincter",4.88,4.54,1.7634
"spice",5.125,4.54,2.433
"spices",5.391304348,4.66,2.0607
"spider",5.32,4.97,2.7126
"spike",4.615384615,4.52,NA
"spinach",4.96,4.77,2.1173
"spine",4.8,4.88,2.4683
"spit",4.391304348,4.71,2.9948
"splint",4.958333333,4.69,1.6532
"splinter",4.652173913,4.41,1.8808
"spokesman",4.375,4.11,1.7853
"sponge",6.5,5,2.5353
"spool",4.52173913,4.62,1.4314
"spoon",6.115384615,4.96,2.5899
"sportswoman",4.68,4.32,0.4771
"sportswriter",4.32,3.93,1.5682
"spout",5,4.67,1.7243
"sprayer",4.96,4.62,0.8451
"spreader",4.375,3.72,1.5563
"springboard",5,4.24,0.699
"sprinkler",4.962962963,4.89,1.6812
"sprinter",4.565217391,4.13,0.7782
"spyglass",5.64,4.79,1.1761
"squash",5.409090909,4.7,2.3502
"squeegee",5.875,4.75,1.1761
"squirrel",4.346153846,4.89,2.4472
"stableman",4.375,4.73,0.301
"staff",4.928571429,4.36,3.213
"stage",4.875,4.64,3.3664
"stagecoach",4.538461538,4.93,1.716
"stair",5.36,4.93,1.8451
"staircase",5.695652174,4.66,1.9542
"stairs",5.88,5,3.0839
"stairwell",5.038461538,4.85,2.0374
"stake",4.36,4.21,2.9284
"stall",4.625,4.37,2.6609
"stallion",4.88,4.72,2.2148
"stamp",5.304347826,4.7,2.4814
"staple",5.32,4.34,1.7634
"stapler",6.458333333,4.62,1.6532
"starch",4.416666667,4.29,1.8451
"stationary",4.727272727,3.95,1.699
"stationery",4.608695652,4.29,1.8513
"stationmaster",4.739130435,4.22,0.9542
"statue",4.777777778,4.93,2.7332
"statuette",4.739130435,4.54,0.699
"steak",5.75,4.96,2.9186
"steamboat",4.541666667,4.9,1.4314
"steel",4.884615385,4.87,2.9741
"steelworker",4.44,4.44,0.301
"stem",4.666666667,4.63,2.0607
"stencil",5.583333333,4.83,1
"stenographer",4.625,4.3,1.6232
"step",5.2,4.54,3.782
"stepbrother",4.88,4.67,1.2304
"stepchild",5.04,4.33,0.9031
"stepdaughter",4.72,4.07,1.4914
"stepfather",5.16,4,2.1818
"stepladder",6.130434783,4.67,1.2788
"stepparent",5,3.89,0.4771
"stepsister",5.333333333,4.32,1.2553
"stepson",5.304347826,3.68,1.4472
"stereo",5.68,4.63,2.4843
"steroids",4.52,4.52,2.1173
"stethoscope",5.8,4.86,1.6902
"stewardess",5.12,4.31,2.2095
"stick",6.16,4.59,3.695
"stilt",4.652173913,4.5,0.4771
"stirrer",4.615384615,3.83,0.699
"stirrup",4.958333333,4.9,1.1139
"stitching",4.444444444,4.48,1.5185
"stockbroker",4.851851852,4.32,1.7404
"stocking",5.6,4.86,2.1303
"stockings",5.84,4.62,2.281
"stomach",4.44,4.89,3.237
"stomp",4.321428571,4.41,2.1367
"stone",5.875,4.72,3.3166
"stoneware",5.434782609,4.66,0.4771
"stool",6.076923077,4.9,2.2553
"stoop",4.5,4.63,2.1004
"stopwatch",6.041666667,4.92,1.5798
"store",5.739130435,4.5,3.6211
"storehouse",4.5,4.62,1.2304
"storekeeper",4.75,4.69,1.2553
"storeroom",4.655172414,4.5,1.9243
"storybook",5.703703704,4.92,1.4472
"stove",5.75,4.96,2.5888
"straightedge",4.291666667,4.07,0.4771
"strainer",4.875,4.46,1.1761
"straitjacket",5.037037037,4.73,1.6335
"strap",4.923076923,4.79,2.4216
"straw",6,4.77,2.5038
"strawberry",6.357142857,5,2.4518
"stream",4.678571429,4.5,2.6138
"street",4.708333333,4.75,3.8784
"streetcar",4.791666667,4.89,1.8195
"streets",4.769230769,4.77,3.2074
"streetwalker",4.84,4.33,1.1139
"stretcher",5.08,4.56,2.0569
"string",NA,4.76,2.8109
"strings",5.260869565,4.75,2.6222
"stroller",6.5,4.96,1.6628
"strongbox",4.454545455,4.79,1.2304
"strudel",5.666666667,4.12,1.6812
"student",5.043478261,4.92,3.3416
"stuff",4.391304348,3.13,4.1946
"submarine",4.826086957,4.8,2.5599
"substance",4.47826087,3.44,2.5623
"subway",5,4.86,2.738
"suds",4.652173913,4.59,1.3979
"suede",5,4.24,1.9685
"sugar",6.173913043,4.87,3.2849
"sugarcane",5.043478261,4.89,0.8451
"suit",6.52173913,4.97,3.5441
"suitcase",6.08,4.97,2.8351
"summerhouse",5,4.54,1.3617
"sundae",5.96,4.59,1.9138
"sundeck",4.5,4.61,0.301
"sunflower",5.333333333,4.8,1.5441
"sunglasses",6.458333333,4.83,2.3054
"sunroof",4.814814815,4.68,1.3617
"supermarket",4.869565217,4.57,2.4082
"supervisor",4.269230769,4.26,2.4843
"supper",5.2,4.63,2.9952
"suppository",5.782608696,4.37,1.1461
"surfboard",5.916666667,4.57,1.6812
"surgeon",5,4.54,2.9238
"surveyor",4.47826087,3.85,1.1461
"sushi",5.708333333,4.96,2.3483
"suspender",5.76,4.54,0.4771
"suspenders",5.24,4.68,1.6435
"suture",4.652173913,4.15,2.1038
"swab",4.76,4.34,2.0864
"swamp",4.52173913,4.96,2.6618
"swan",4.208333333,4.96,NA
"sweatband",6.041666667,4.37,0.699
"sweater",6.592592593,4.78,2.8482
"sweatshirt",6.6,4.93,2.0828
"sweetener",5.2,4.48,1.1761
"swimsuit",6.08,4.78,2.0086
"swing",5.36,4.54,3.1225
"switchblade",5.869565217,5,1.3617
"switchboard",4.777777778,4.61,1.7709
"sword",5.461538462,4.93,3.1258
"syringe",5.535714286,4.81,2
"syringes",5.541666667,4.79,1.415
"syrup",5.16,4.76,2.4166
"tabasco",5.260869565,4.59,NA
"table",6.4,4.9,3.7314
"tablecloth",5.347826087,4.85,1.6902
"tablespoon",5.142857143,5,1
"tablet",6.517241379,4.82,1.8865
"tableware",6.083333333,4.65,0.4771
"tabloid",4.52173913,4.07,1.7559
"taco",NA,4.93,2.2014
"taffy",4.6,4.79,NA
"tag",4.72,4.25,2.8506
"tailcoat",5.47826087,4.67,0.301
"taillight",5,4.86,1.6335
"tailor",5.130434783,4.67,2.3304
"talisman",4.708333333,4.15,1.8751
"tambourine",5.916666667,4.86,1.6628
"tampon",6.208333333,4.86,1.5441
"tangerine",5.772727273,4.81,1.5911
"tank",4.608695652,4.8,3.1163
"tape",5.833333333,4.9,3.5456
"tapestry",4.565217391,4.52,1.5682
"tapioca",4.454545455,4.64,1.5051
"tar",4.37037037,4.78,2.2068
"tartar",4.48,4.4,NA
"tattoo",4.730769231,4.71,2.786
"tavern",4.36,4.78,2.2014
"taxi",5.464285714,4.93,3.1202
"taxpayer",4.583333333,4.14,1.4771
"tea",6.153846154,4.69,3.4758
"teabag",6.32,4.82,NA
"teacher",5.416666667,4.52,3.4538
"teacup",6.347826087,4.92,1.5315
"teahouse",4.347826087,4.57,1.6335
"teakettle",6.125,4.97,0.9031
"teakwood",5.136363636,4.62,0.301
"teammate",5.074074074,4.15,1.6721
"teapot",6.2,4.96,1.6532
"tear",4.44,4.56,3.1392
"teardrop",4.695652174,4.56,1.1761
"tearoom",4.458333333,4.58,0.9031
"teaspoon",4.76,4.76,1.3979
"teaspoonful",4.4,4.27,0.8451
"technician",4.56,4.1,2.1239
"tee",5.347826087,4.59,2.0453
"teenager",5.08,4.34,2.5465
"teeth",6.275862069,4.96,3.3876
"telescope",5.916666667,5,2.179
"television",5.6,4.83,3.238
"temple",4.84,4.53,2.9523
"tenant",4.8,4.55,2.1931
"tenderloin",4.962962963,4.39,1.3222
"tent",5.5,4.96,2.9509
"tepee",4.916666667,4.85,1.4472
"termite",4.32,4.7,1.5911
"terrace",4.454545455,4.67,2.2405
"terrier",5.416666667,4.62,1.699
"terrycloth",4.692307692,4.55,0.7782
"testes",5.083333333,4.54,0.9542
"testicle",6.24,4.59,1.7709
"textile",4.964285714,4.23,1.415
"theatergoer",5,3.92,0.4771
"theologian",4.47826087,3.76,1.1761
"therapist",5.148148148,4.52,2.6866
"thermometer",5.56,4.96,2.0531
"thermos",5.518518519,4.67,1.7634
"thermostat",5.074074074,4.87,1.7709
"thesaurus",5.363636364,4.79,1.3222
"thigh",5.76,4.9,2.2833
"thimble",5.347826087,5,1.1761
"thong",6.47826087,4.93,2.0334
"thorn",4.925925926,5,NA
"thread",4.76,4.83,2.4216
"throat",5.347826087,4.97,3.2643
"throne",5.217391304,4.64,2.6454
"thumb",6.357142857,4.96,2.781
"thumbnail",4.88,4.5,0.9031
"thumbscrew",5.173913043,4.32,0.6021
"thumbtack",5.956521739,4.96,1
"thyme",4.958333333,4.96,1.0414
"ticket",5.333333333,4.7,3.3664
"tickler",4.76,3.76,NA
"tie",6.260869565,4.81,3.3555
"tightrope",4.590909091,4.78,1.3979
"tights",5.956521739,4.62,2.1335
"tile",4.76,4.68,2.0374
"tiller",4.541666667,4.26,1.3222
"timber",4.695652174,4.9,2.1072
"timepiece",5.375,4.36,1.1761
"tin",4.727272727,4.87,2.6454
"tinderbox",4.958333333,4.79,0.4771
"tinfoil",5.458333333,4.96,1.3979
"tinplate",4.869565217,4,0.7782
"tinsel",4.777777778,4.82,1.3979
"tire",5.291666667,5,2.8007
"tissue",5.72,4.93,2.7388
"tit",5.92,4.64,2.2355
"toast",6.2,4.93,3.2325
"toaster",6.04,4.9,2.2989
"toastmaster",4.652173913,3.88,NA
"tobacco",5.666666667,4.88,2.5527
"toboggan",5.68,4.76,0.699
"toddler",5.875,4.29,1.6128
"toe",5.954545455,4.93,2.8116
"toffee",5.608695652,4.89,1.3617
"tofu",5.555555556,4.86,2.1399
"toga",4.52173913,4.73,1.6812
"toilet",NA,4.97,3.1688
"toiletry",5.222222222,4.52,0.6021
"token",5.2,4.3,2.3139
"tomahawk",4.958333333,4.83,NA
"tomato",6.125,5,2.48
"tomb",4.739130435,4.73,2.4594
"tombstone",5.043478261,4.71,NA
"tong",5.227272727,4.4,NA
"tongs",5.826086957,5,1.6128
"tongue",5.928571429,4.93,3.2014
"tonic",5.086956522,4.1,2.2923
"tool",6.304347826,4.6,2.7396
"tooth",6.037037037,4.89,2.8407
"toothbrush",6.72,5,2.4082
"toothpaste",5.76,4.97,2.2068
"toothpick",6.375,4.93,1.7243
"topaz",4.642857143,4.37,NA
"topsoil",4.92,4.85,1.0414
"torch",4.851851852,4.76,2.4065
"torchlight",4.64,4.28,0.699
"torso",5.64,4.83,1.9777
"tortilla",6.037037037,4.89,1.2304
"tortoise",4.541666667,4.87,1.7634
"tote",4.28,4.38,1.7482
"toupee",6.217391304,4.65,1.8129
"tourist",5,4.59,2.3766
"tourniquet",4.956521739,4.5,1.7076
"towel",6.04,4.86,2.8591
"tower",4.307692308,4.76,3.0667
"townsfolk",4.583333333,3.82,1.3222
"townspeople",4.909090909,4.21,1.7482
"toy",6.08,4.93,2.9345
"track",4.916666667,4.31,3.4539
"tracksuit",5.653846154,4.73,0.699
"tractor",5.590909091,5,2.281
"tradesman",4.84,4.07,0.8451
"trailer",5.296296296,4.79,2.7634
"train",5.333333333,4.79,3.6857
"trainee",4.72,3.89,1.8388
"trainer",5.357142857,4.31,2.4548
"trampoline",5.88,5,1.5441
"tranquilizer",4.56,4.55,1.9685
"tranquilizers",4.607142857,4.26,1.6628
"trap",4.695652174,4.3,3.0853
"trapeze",4.958333333,4.55,1.8451
"trash",5.136363636,4.7,3.0596
"trashcan",5.76,4.86,1.301
"traveler",4.714285714,4.07,2.1903
"traveller",4.5,4.57,1.6128
"tray",5.166666667,4.74,2.6138
"treadmill",6,4.93,1.6335
"treasure",4.666666667,4.32,2.9881
"treat",4.791666667,3.79,3.4228
"tree",5.84,5,3.5206
"trench",4.285714286,4.46,2.1987
"triceps",5.52,4.46,1.1461
"tricycle",6.173913043,4.68,1.4472
"trigger",5.16,4.31,2.9355
"trinket",4.791666667,4.48,1.5682
"tripe",4.7,3.54,1.6232
"tripod",5,4.72,1.6721
"trolley",5.416666667,4.73,1.8633
"trombone",5.75,4.9,1.8195
"trophy",4.916666667,4.89,2.5866
"trousers",6.185185185,4.93,2.4216
"trout",4.76,4.72,2.3139
"truck",6.041666667,4.84,3.5702
"trucks",6.2,4.89,2.7024
"trumpet",6.291666667,4.86,2.3243
"trunk",5.217391304,4.71,3.0048
"tub",6.086956522,4.64,2.8116
"tuba",5.130434783,4.86,1.7924
"tube",4.916666667,4.82,2.9238
"tubing",4.625,4.38,1.5563
"tugboat",4.555555556,4.78,1.3802
"tulip",5.217391304,5,NA
"tumbler",5.136363636,4.08,1.2788
"tummy",5.125,4.68,2.2504
"tuna",4.916666667,4.89,2.6117
"tunic",4.76,3.75,1.4624
"turban",5.148148148,4.76,1.8261
"turf",4.36,4.1,2.3404
"turkey",4.833333333,4.89,3.0622
"turnip",6.12,4.79,1.9494
"turnstile",4.818181818,4.36,1.301
"turntable",5.347826087,4.57,1.2788
"turtle",4.821428571,5,NA
"turtleneck",5.375,4.7,1.6335
"tutor",4.608695652,4.28,2.3729
"tutu",5.413793103,4.68,1.5563
"tuxedo",5.259259259,4.86,2.2014
"tweezer",5.272727273,4.89,0.4771
"twig",5.28,4.75,1.8451
"twine",5.5,4.03,1.4771
"tyke",5.05,4,1.4472
"typewriter",5.592592593,4.88,2.2095
"ukulele",5.782608696,4.62,1.4771
"umbrella",6.4,5,2.5832
"uncle",5.392857143,4.24,NA
"underbrush",4.5,4.44,1
"underclothes",6,4.66,0.7782
"underclothing",6.36,4.29,0.301
"undercoat",4.772727273,4.5,0.301
"undergarment",6.074074074,4.48,0.9031
"underpants",6,4.89,2.179
"undershirt",5.954545455,5,1.2041
"underwear",6.52173913,4.96,3.0438
"uniform",5.666666667,4.67,3.1028
"upholstery",5.461538462,4.65,1.7782
"urinal",5.666666667,4.6,1.6021
"urn",4.791666667,4.61,2
"vaccine",4.321428571,4.69,1.9956
"vacuum",5.291666667,4.22,2.4698
"vagina",6.041666667,4.82,2.4133
"vaginal",4.36,3.66,1.8261
"valet",4.625,4.26,2.4216
"valve",4.869565217,4.83,2.3945
"van",6.28,4.72,NA
"vanilla",4.518518519,4.68,2.3096
"vase",5.36,5,2.2945
"vaseline",5.608695652,4.9,NA
"veal",4.5,4.75,2.2601
"vegetable",6.391304348,4.89,2.4654
"vegetation",4.925925926,4.45,1.6232
"vehicle",6.173913043,4.64,3.0622
"veil",5.727272727,4.45,2.1818
"vein",4.44,4.63,2.2648
"velvet",4.916666667,4.44,2.5065
"vendor",5,4.5,1.8195
"ventilator",4.72,4.04,1.8129
"veranda",4.666666667,4.54,1.6021
"vermicelli",5.571428571,4.52,0.7782
"vermouth",4.318181818,4.16,1.7076
"vessel",4.925925926,4.66,2.6794
"vest",6,4.52,2.4548
"veterinarian",5.074074074,4.46,1.8129
"vibrator",6.464285714,4.64,1.7853
"videotape",5.44,4.92,2.4232
"viewfinder",4.916666667,4.44,0.699
"village",4.44,4.89,3.2338
"villager",4.666666667,4.24,1.0414
"vinaigrette",5.363636364,4.52,1.1761
"vine",5,4.86,2.0334
"vinegar",5.291666667,4.89,1.9395
"vinyl",4.6,4.54,1.8062
"viola",4.458333333,4.54,NA
"violin",6.043478261,4.96,2.3856
"violinist",4.47826087,4.84,1.5315
"virgin",4.448275862,3.31,2.9832
"visor",5.041666667,4.66,1.4914
"vitamin",5.2,4.48,2.1367
"vitamins",5.12,4.5,2.2601
"vocalist",4.269230769,4.2,1.1761
"vodka",5.56,4.97,2.7126
"volleyball",6.52,4.93,1.7709
"vomit",4.666666667,4.75,2.4362
"voter",4.75,3.93,1.6232
"vulva",5.16,4.5,0.8451
"wafer",5.909090909,4.56,1.2041
"waffle",6.173913043,4.71,2.0374
"wagon",5.375,4.89,2.9576
"waist",4.888888889,4.72,2.42
"waistband",5.833333333,4.79,1.0414
"waistcoat",6.44,4.63,1.2788
"waiter",4.48,4.67,2.8287
"waitress",4.826086957,4.56,2.7701
"walker",5.181818182,4.42,NA
"wall",4.68,4.86,3.557
"wallboard",4.64,4.5,0.301
"wallet",6.136363636,4.81,3.066
"wallpaper",4.875,4.62,2.2355
"walnut",5.791666667,4.97,2.0043
"walrus",4.875,5,1.7634
"wand",5.08,4.73,2.1987
"warden",4.434782609,4.27,2.7589
"wart",4.56,4.89,1.8062
"washbasin",5.833333333,4.74,0.301
"washboard",5.208333333,4.86,0.9031
"washbowl",5.692307692,4.76,0.301
"washcloth",6.192307692,4.93,1.301
"washer",5.518518519,4.7,2.0212
"washerwoman",4.55,3.92,0.8451
"washroom",5.037037037,4.76,1.9395
"washstand",4.652173913,4.85,0.4771
"waste",4.318181818,3.24,3.4341
"wastebasket",6.217391304,4.63,1.5185
"watch",5.269230769,4.61,4.2261
"watchband",5.923076923,5,0.9031
"watchdog",4.333333333,4.29,1.7324
"watchmaker",4.56,4.36,0.9031
"water",6.192307692,5,4.0599
"watercress",4.782608696,4.31,0.699
"watermelon",5.869565217,4.89,2.0531
"wax",5.291666667,4.97,2.6646
"waxwork",4.3,3.96,0.4771
"weapon",5.52173913,4.76,3.3766
"weaponry",5,3.56,1.7404
"weatherman",4.285714286,4.73,2.0334
"web",4.375,4.37,2.673
"weed",5.28,4.9,2.7789
"wench",4.956521739,3.86,1.9494
"wheat",4.88,4.89,2.4683
"wheel",5.458333333,4.86,3.1402
"wheelbarrow",5.5,4.79,1.5051
"wheelchair",NA,4.93,2.5011
"wheelhouse",4.434782609,4.56,1.0414
"whip",5,4.68,2.8274
"whirlpool",4.565217391,4.64,1.5051
"whisk",6,4.33,1.4771
"whisker",4.863636364,4.7,1.1461
"whiskers",4.625,4.89,2.0414
"whiskey",6.08,4.74,2.9154
"whisky",5.857142857,5,2.3139
"whistle",4.47826087,4.42,2.8971
"whore",4.782608696,4.15,3.0322
"wife",6.357142857,4.13,4.2503
"wig",5.913043478,4.72,2.6304
"wigmaker",4.36,4.11,0.301
"wigwam",4.888888889,4.48,1.2304
"wildcat",4.583333333,4.79,1.8573
"wildlife",4.44,4.26,1.9956
"winch",5.045454545,4.4,1.8451
"windbreaker",5.307692308,4.12,1.2304
"window",5.68,4.86,3.6422
"windowpane",5.416666667,4.86,1.1461
"windowsill",5.391304348,4.7,1.5315
"windshield",5.708333333,4.86,2.2253
"windsock",4.391304348,4.39,0.301
"wine",5.791666667,4.79,3.4884
"wineglass",6.416666667,4.93,0.699
"wing",4.48,4.86,3.0141
"wingman",4.391304348,3.61,1.7634
"wiper",5.125,4.56,1.4771
"wiring",4.428571429,4.64,2.0755
"wishbone",5.458333333,4.68,1.415
"wolfhound",4.346153846,4.8,0.301
"woman",5.333333333,4.46,4.3457
"wood",5.590909091,4.85,3.1392
"woodblock",5.4,4.59,0.301
"woodcarver",4.625,4.59,0.4771
"woodcraft",4.296296296,4.15,NA
"woodcutter",4.44,4.54,1.1139
"woodpecker",4.833333333,4.93,1.7076
"woodpile",5,5,1.0792
"woods",4.409090909,4.87,3.1711
"woodshed",5.25,4.68,1.3617
"woodwind",4.96,4.43,1.2041
"woodwork",5.12,4.45,1.6435
"wool",5.392857143,4.86,2.2095
"workbench",6.208333333,4.62,1.0414
"workbook",5.703703704,4.57,0.8451
"workbox",5.454545455,4.08,0.301
"worker",5.086956522,4.59,2.7474
"workroom",4.703703704,4.66,1.0792
"worksheet",4.64,4.66,0.7782
"workshop",4.4,4.54,2.1584
"worm",4.681818182,4.9,2.7135
"wound",4.583333333,4.24,3.1316
"wounds",4.391304348,4.19,2.8561
"wrapper",5.791666667,4.39,1.9345
"wreath",5.461538462,4.93,1.7404
"wrench",6.181818182,4.93,2.3075
"wrestler",4.96,4.42,1.9638
"wrist",6.291666667,4.93,2.7226
"wristband",5.583333333,4.79,1
"wristlet",5.428571429,4.38,0.301
"wristwatch",6.5,4.85,1.7782
"xylophone",5.821428571,4.75,1
"yacht",4.88,4.97,2.6232
"yachtsman",4.291666667,4.35,0.6021
"yam",5.259259259,4.93,NA
"yardstick",5.956521739,4.69,1.2553
"yarn",6.115384615,4.93,1.9138
"yearbook",5.56,4.58,2.3838
"yoga",4.44,4.53,2.3579
"yogurt",6.347826087,4.9,2.0682
"yolk",4.875,4.78,1.3424
"you",5.52,4.11,6.3293
"youngster",5,3.76,1.8751
"yourself",5.583333333,4.39,4.3454
"zipper",6.08,4.83,2.1614
"zucchini",5.923076923,4.87,1.699
